{
  "Start Execution" : {
    "transaction" : "Start Execution",
    "sampleCount" : 81,
    "errorCount" : 41,
    "errorPct" : 50.617283,
    "meanResTime" : 67561.46913580247,
    "minResTime" : 2963.0,
    "maxResTime" : 146398.0,
    "pct1ResTime" : 133293.8,
    "pct2ResTime" : 143139.09999999995,
    "pct3ResTime" : 146398.0,
    "throughput" : 0.4173687220788054,
    "receivedKBytesPerSec" : 25.643731273154945,
    "sentKBytesPerSec" : 1.936444139254301
  },
  "Product File List" : {
    "transaction" : "Product File List",
    "sampleCount" : 103,
    "errorCount" : 41,
    "errorPct" : 39.805824,
    "meanResTime" : 15702.902912621352,
    "minResTime" : 239.0,
    "maxResTime" : 50471.0,
    "pct1ResTime" : 39230.8,
    "pct2ResTime" : 48419.2,
    "pct3ResTime" : 50423.439999999995,
    "throughput" : 0.5779146818383297,
    "receivedKBytesPerSec" : 0.6117275563607085,
    "sentKBytesPerSec" : 0.8268017664972198
  },
  "Total" : {
    "transaction" : "Total",
    "sampleCount" : 449,
    "errorCount" : 147,
    "errorPct" : 32.73942,
    "meanResTime" : 24389.939866369707,
    "minResTime" : 237.0,
    "maxResTime" : 73454.0,
    "pct1ResTime" : 53660.0,
    "pct2ResTime" : 59807.0,
    "pct3ResTime" : 70615.5,
    "throughput" : 2.287163865867263,
    "receivedKBytesPerSec" : 26.12342120745952,
    "sentKBytesPerSec" : 2.5125045447194023
  },
  "User Information" : {
    "transaction" : "User Information",
    "sampleCount" : 125,
    "errorCount" : 41,
    "errorPct" : 32.8,
    "meanResTime" : 21460.68,
    "minResTime" : 239.0,
    "maxResTime" : 59044.0,
    "pct1ResTime" : 49844.4,
    "pct2ResTime" : 54581.99999999997,
    "pct3ResTime" : 58992.52,
    "throughput" : 0.6824708721431769,
    "receivedKBytesPerSec" : 0.5884071914685681,
    "sentKBytesPerSec" : 0.863085722095131
  },
  "Login Token" : {
    "transaction" : "Login Token",
    "sampleCount" : 140,
    "errorCount" : 24,
    "errorPct" : 17.142857,
    "meanResTime" : 38670.371428571445,
    "minResTime" : 1207.0,
    "maxResTime" : 73454.0,
    "pct1ResTime" : 62459.100000000006,
    "pct2ResTime" : 68600.09999999996,
    "pct3ResTime" : 72442.12000000001,
    "throughput" : 0.7280934872037569,
    "receivedKBytesPerSec" : 1.1089357467248795,
    "sentKBytesPerSec" : 0.3740011467472424
  },
  "Product File Download" : {
    "transaction" : "Product File Download",
    "sampleCount" : 81,
    "errorCount" : 41,
    "errorPct" : 50.617283,
    "meanResTime" : 15274.65432098766,
    "minResTime" : 237.0,
    "maxResTime" : 50036.0,
    "pct1ResTime" : 48465.6,
    "pct2ResTime" : 48576.1,
    "pct3ResTime" : 50036.0,
    "throughput" : 0.4599711524264898,
    "receivedKBytesPerSec" : 26.680256696555325,
    "sentKBytesPerSec" : 0.6580641975632886
  }
}