{
  "Component Token" : {
    "transaction" : "Component Token",
    "sampleCount" : 100,
    "errorCount" : 0,
    "errorPct" : 0.0,
    "meanResTime" : 301.91,
    "minResTime" : 293.0,
    "maxResTime" : 328.0,
    "pct1ResTime" : 311.9,
    "pct2ResTime" : 319.9,
    "pct3ResTime" : 328.0,
    "throughput" : 0.03332208157712079,
    "receivedKBytesPerSec" : 0.020689302974528933,
    "sentKBytesPerSec" : 0.046208355312022976
  },
  "Start Execution" : {
    "transaction" : "Start Execution",
    "sampleCount" : 100,
    "errorCount" : 0,
    "errorPct" : 0.0,
    "meanResTime" : 8150.040000000004,
    "minResTime" : 7546.0,
    "maxResTime" : 11833.0,
    "pct1ResTime" : 9178.2,
    "pct2ResTime" : 9810.149999999994,
    "pct3ResTime" : 11820.449999999993,
    "throughput" : 0.03321662119864835,
    "receivedKBytesPerSec" : 7.027904593186075,
    "sentKBytesPerSec" : 0.19897534612549703
  },
  "Product File List" : {
    "transaction" : "Product File List",
    "sampleCount" : 100,
    "errorCount" : 0,
    "errorPct" : 0.0,
    "meanResTime" : 325.86999999999995,
    "minResTime" : 302.0,
    "maxResTime" : 1580.0,
    "pct1ResTime" : 331.0,
    "pct2ResTime" : 340.0,
    "pct3ResTime" : 1568.0399999999938,
    "throughput" : 0.03332204826632047,
    "receivedKBytesPerSec" : 0.044386009604747194,
    "sentKBytesPerSec" : 0.04728216419039419
  },
  "Total" : {
    "transaction" : "Total",
    "sampleCount" : 500,
    "errorCount" : 0,
    "errorPct" : 0.0,
    "meanResTime" : 1630.0079999999998,
    "minResTime" : 293.0,
    "maxResTime" : 7107.0,
    "pct1ResTime" : 3175.4,
    "pct2ResTime" : 3343.95,
    "pct3ResTime" : 4612.290000000002,
    "throughput" : 0.16592019172409994,
    "receivedKBytesPerSec" : 7.021010779793377,
    "sentKBytesPerSec" : 0.19878016719445882
  },
  "User Information" : {
    "transaction" : "User Information",
    "sampleCount" : 100,
    "errorCount" : 0,
    "errorPct" : 0.0,
    "meanResTime" : 1182.5899999999997,
    "minResTime" : 1141.0,
    "maxResTime" : 1391.0,
    "pct1ResTime" : 1285.0000000000002,
    "pct2ResTime" : 1308.0,
    "pct3ResTime" : 1390.3799999999997,
    "throughput" : 0.033312402040717747,
    "receivedKBytesPerSec" : 0.04235619868849073,
    "sentKBytesPerSec" : 0.04177062912136874
  },
  "Login Token" : {
    "transaction" : "Login Token",
    "sampleCount" : 100,
    "errorCount" : 0,
    "errorPct" : 0.0,
    "meanResTime" : 2985.5299999999997,
    "minResTime" : 2745.0,
    "maxResTime" : 3934.0,
    "pct1ResTime" : 3247.6000000000004,
    "pct2ResTime" : 3368.7,
    "pct3ResTime" : 3929.3199999999974,
    "throughput" : 0.033290410896883615,
    "receivedKBytesPerSec" : 0.06377942071272773,
    "sentKBytesPerSec" : 0.017002817284248177
  },
  "Product File Download" : {
    "transaction" : "Product File Download",
    "sampleCount" : 100,
    "errorCount" : 0,
    "errorPct" : 0.0,
    "meanResTime" : 3354.14,
    "minResTime" : 2977.0,
    "maxResTime" : 7107.0,
    "pct1ResTime" : 4165.3,
    "pct2ResTime" : 4605.449999999998,
    "pct3ResTime" : 7091.979999999992,
    "throughput" : 0.03327206836478431,
    "receivedKBytesPerSec" : 6.8686091115060135,
    "sentKBytesPerSec" : 0.04724373769765272
  }
}