timeStamp,elapsed,label,responseCode,responseMessage,threadName,dataType,success,failureMessage,bytes,sentBytes,grpThreads,allThreads,URL,Latency,IdleTime,Connect
1560950705171,9488,Product File Download,200,OK,Thread Group 1-1,text,true,,687928,1454,2,2,https://test.cranecompass.com/entity/api/xm-entities/17139/functions/DOWNLOAD-ARTIFACT,2058,0,977
1560950701696,9488,Start Execution,200,"Number of samples in transaction : 1, number of failing samples : 0",Thread Group 1-1,,true,,687928,1454,2,2,null,2058,3478,977
1560950715169,9299,Product File Download,200,OK,Thread Group 1-2,text,true,,688043,1454,2,2,https://test.cranecompass.com/entity/api/xm-entities/17139/functions/DOWNLOAD-ARTIFACT,1860,0,919
1560950711695,9299,Start Execution,200,"Number of samples in transaction : 1, number of failing samples : 0",Thread Group 1-2,,true,,688043,1454,2,2,null,1860,3477,919
1560950725170,10890,Product File Download,200,OK,Thread Group 1-3,text,true,,688002,1454,2,2,https://test.cranecompass.com/entity/api/xm-entities/17139/functions/DOWNLOAD-ARTIFACT,2060,0,949
1560950721696,10890,Start Execution,200,"Number of samples in transaction : 1, number of failing samples : 0",Thread Group 1-3,,true,,688002,1454,2,2,null,2060,3478,949
1560950735171,9349,Product File Download,200,OK,Thread Group 1-4,text,true,,688009,1454,2,2,https://test.cranecompass.com/entity/api/xm-entities/17139/functions/DOWNLOAD-ARTIFACT,1947,0,947
1560950731698,9349,Start Execution,200,"Number of samples in transaction : 1, number of failing samples : 0",Thread Group 1-4,,true,,688009,1454,2,2,null,1947,3477,947
1560950745171,9468,Product File Download,200,OK,Thread Group 1-5,text,true,,687929,1454,2,2,https://test.cranecompass.com/entity/api/xm-entities/17139/functions/DOWNLOAD-ARTIFACT,2067,0,1058
1560950741698,9468,Start Execution,200,"Number of samples in transaction : 1, number of failing samples : 0",Thread Group 1-5,,true,,687929,1454,2,2,null,2067,3474,1058
1560950755168,9404,Product File Download,200,OK,Thread Group 1-6,text,true,,688022,1454,2,2,https://test.cranecompass.com/entity/api/xm-entities/17139/functions/DOWNLOAD-ARTIFACT,1982,0,901
1560950751696,9404,Start Execution,200,"Number of samples in transaction : 1, number of failing samples : 0",Thread Group 1-6,,true,,688022,1454,2,2,null,1982,3475,901
1560950765169,9592,Product File Download,200,OK,Thread Group 1-7,text,true,,688019,1454,2,2,https://test.cranecompass.com/entity/api/xm-entities/17139/functions/DOWNLOAD-ARTIFACT,1960,0,920
1560950761696,9592,Start Execution,200,"Number of samples in transaction : 1, number of failing samples : 0",Thread Group 1-7,,true,,688019,1454,2,2,null,1960,3476,920
1560950775178,9453,Product File Download,200,OK,Thread Group 1-8,text,true,,688032,1454,2,2,https://test.cranecompass.com/entity/api/xm-entities/17139/functions/DOWNLOAD-ARTIFACT,1982,0,950
1560950771705,9453,Start Execution,200,"Number of samples in transaction : 1, number of failing samples : 0",Thread Group 1-8,,true,,688032,1454,2,2,null,1982,3476,950
1560950785170,10341,Product File Download,200,OK,Thread Group 1-9,text,true,,688011,1454,2,2,https://test.cranecompass.com/entity/api/xm-entities/17139/functions/DOWNLOAD-ARTIFACT,2788,0,899
1560950781696,10341,Start Execution,200,"Number of samples in transaction : 1, number of failing samples : 0",Thread Group 1-9,,true,,688011,1454,2,2,null,2788,3479,899
1560950795169,9272,Product File Download,200,OK,Thread Group 1-10,text,true,,688003,1454,2,2,https://test.cranecompass.com/entity/api/xm-entities/17139/functions/DOWNLOAD-ARTIFACT,1820,0,930
1560950791696,9272,Start Execution,200,"Number of samples in transaction : 1, number of failing samples : 0",Thread Group 1-10,,true,,688003,1454,2,2,null,1820,3474,930
1560950805169,9423,Product File Download,200,OK,Thread Group 1-11,text,true,,688024,1454,2,2,https://test.cranecompass.com/entity/api/xm-entities/17139/functions/DOWNLOAD-ARTIFACT,1940,0,940
1560950801696,9423,Start Execution,200,"Number of samples in transaction : 1, number of failing samples : 0",Thread Group 1-11,,true,,688024,1454,2,2,null,1940,3475,940
1560950815170,9349,Product File Download,200,OK,Thread Group 1-12,text,true,,687943,1454,2,2,https://test.cranecompass.com/entity/api/xm-entities/17139/functions/DOWNLOAD-ARTIFACT,1910,0,939
1560950811697,9349,Start Execution,200,"Number of samples in transaction : 1, number of failing samples : 0",Thread Group 1-12,,true,,687943,1454,2,2,null,1910,3475,939
1560950825170,9551,Product File Download,200,OK,Thread Group 1-13,text,true,,687960,1454,2,2,https://test.cranecompass.com/entity/api/xm-entities/17139/functions/DOWNLOAD-ARTIFACT,2040,0,1058
1560950821697,9551,Start Execution,200,"Number of samples in transaction : 1, number of failing samples : 0",Thread Group 1-13,,true,,687960,1454,2,2,null,2040,3476,1058
1560950835168,10432,Product File Download,200,OK,Thread Group 1-14,text,true,,687985,1454,2,2,https://test.cranecompass.com/entity/api/xm-entities/17139/functions/DOWNLOAD-ARTIFACT,1921,0,891
1560950831695,10432,Start Execution,200,"Number of samples in transaction : 1, number of failing samples : 0",Thread Group 1-14,,true,,687985,1454,2,2,null,1921,3478,891
1560950845171,9320,Product File Download,200,OK,Thread Group 1-15,text,true,,687960,1454,1,1,https://test.cranecompass.com/entity/api/xm-entities/17139/functions/DOWNLOAD-ARTIFACT,1978,0,918
1560950841697,9320,Start Execution,200,"Number of samples in transaction : 1, number of failing samples : 0",Thread Group 1-15,,true,,687960,1454,1,1,null,1978,3478,918
