{
  "Start Execution" : {
    "transaction" : "Start Execution",
    "sampleCount" : 100,
    "errorCount" : 0,
    "errorPct" : 0.0,
    "meanResTime" : 7116.220000000001,
    "minResTime" : 6178.0,
    "maxResTime" : 11035.0,
    "pct1ResTime" : 7735.900000000001,
    "pct2ResTime" : 8783.75,
    "pct3ResTime" : 11019.399999999992,
    "throughput" : 0.033588482643655417,
    "receivedKBytesPerSec" : 4.908670711447728,
    "sentKBytesPerSec" : 0.15583875101563174
  },
  "Product File List" : {
    "transaction" : "Product File List",
    "sampleCount" : 100,
    "errorCount" : 0,
    "errorPct" : 0.0,
    "meanResTime" : 283.7599999999999,
    "minResTime" : 253.0,
    "maxResTime" : 1465.0,
    "pct1ResTime" : 278.70000000000005,
    "pct2ResTime" : 299.6499999999999,
    "pct3ResTime" : 1463.039999999999,
    "throughput" : 0.03367270934660128,
    "receivedKBytesPerSec" : 0.05284576590092681,
    "sentKBytesPerSec" : 0.048174335149190305
  },
  "Total" : {
    "transaction" : "Total",
    "sampleCount" : 400,
    "errorCount" : 0,
    "errorPct" : 0.0,
    "meanResTime" : 1779.0550000000003,
    "minResTime" : 253.0,
    "maxResTime" : 5084.0,
    "pct1ResTime" : 3316.5,
    "pct2ResTime" : 3453.7,
    "pct3ResTime" : 4705.0,
    "throughput" : 0.1341426607196754,
    "receivedKBytesPerSec" : 4.9009518888963415,
    "sentKBytesPerSec" : 0.1555936965525336
  },
  "User Information" : {
    "transaction" : "User Information",
    "sampleCount" : 100,
    "errorCount" : 0,
    "errorPct" : 0.0,
    "meanResTime" : 1012.5900000000003,
    "minResTime" : 963.0,
    "maxResTime" : 2138.0,
    "pct1ResTime" : 1089.0,
    "pct2ResTime" : 1156.9999999999993,
    "pct3ResTime" : 2128.9799999999955,
    "throughput" : 0.033661578606854974,
    "receivedKBytesPerSec" : 0.03826374755701093,
    "sentKBytesPerSec" : 0.04257006278894258
  },
  "Login Token" : {
    "transaction" : "Login Token",
    "sampleCount" : 100,
    "errorCount" : 0,
    "errorPct" : 0.0,
    "meanResTime" : 2702.7400000000002,
    "minResTime" : 2579.0,
    "maxResTime" : 3001.0,
    "pct1ResTime" : 2870.9,
    "pct2ResTime" : 2922.0,
    "pct3ResTime" : 3000.7,
    "throughput" : 0.03364040293129015,
    "receivedKBytesPerSec" : 0.06608565170375184,
    "sentKBytesPerSec" : 0.017280128849471308
  },
  "Product File Download" : {
    "transaction" : "Product File Download",
    "sampleCount" : 100,
    "errorCount" : 0,
    "errorPct" : 0.0,
    "meanResTime" : 3117.1299999999997,
    "minResTime" : 2334.0,
    "maxResTime" : 5084.0,
    "pct1ResTime" : 3699.4,
    "pct2ResTime" : 4687.649999999996,
    "pct3ResTime" : 5081.999999999999,
    "throughput" : 0.03365129318554583,
    "receivedKBytesPerSec" : 4.76067868054289,
    "sentKBytesPerSec" : 0.04814369581721156
  }
}