{
  "Component Token" : {
    "transaction" : "Component Token",
    "sampleCount" : 100,
    "errorCount" : 0,
    "errorPct" : 0.0,
    "meanResTime" : 314.86000000000007,
    "minResTime" : 293.0,
    "maxResTime" : 1249.0,
    "pct1ResTime" : 320.0,
    "pct2ResTime" : 326.74999999999994,
    "pct3ResTime" : 1240.5399999999956,
    "throughput" : 0.033328534024433816,
    "receivedKBytesPerSec" : 0.020687776168565063,
    "sentKBytesPerSec" : 0.04563144990454708
  },
  "Start Execution" : {
    "transaction" : "Start Execution",
    "sampleCount" : 100,
    "errorCount" : 0,
    "errorPct" : 0.0,
    "meanResTime" : 9260.16,
    "minResTime" : 7582.0,
    "maxResTime" : 22612.0,
    "pct1ResTime" : 10219.4,
    "pct2ResTime" : 11899.949999999988,
    "pct3ResTime" : 22529.859999999957,
    "throughput" : 0.03322710627457352,
    "receivedKBytesPerSec" : 7.031828489111976,
    "sentKBytesPerSec" : 0.19702635673751018
  },
  "Product File List" : {
    "transaction" : "Product File List",
    "sampleCount" : 100,
    "errorCount" : 0,
    "errorPct" : 0.0,
    "meanResTime" : 364.69000000000017,
    "minResTime" : 300.0,
    "maxResTime" : 1623.0,
    "pct1ResTime" : 338.9,
    "pct2ResTime" : 454.89999999999884,
    "pct3ResTime" : 1622.4999999999998,
    "throughput" : 0.033328422945686005,
    "receivedKBytesPerSec" : 0.04439450087687081,
    "sentKBytesPerSec" : 0.046868094767370944
  },
  "Total" : {
    "transaction" : "Total",
    "sampleCount" : 500,
    "errorCount" : 0,
    "errorPct" : 0.0,
    "meanResTime" : 1852.0320000000002,
    "minResTime" : 293.0,
    "maxResTime" : 13114.0,
    "pct1ResTime" : 4220.200000000001,
    "pct2ResTime" : 4617.8,
    "pct3ResTime" : 6266.860000000001,
    "throughput" : 0.16598832770079608,
    "receivedKBytesPerSec" : 7.025597967763407,
    "sentKBytesPerSec" : 0.19685178238266285
  },
  "User Information" : {
    "transaction" : "User Information",
    "sampleCount" : 100,
    "errorCount" : 0,
    "errorPct" : 0.0,
    "meanResTime" : 1218.9000000000003,
    "minResTime" : 1141.0,
    "maxResTime" : 2041.0,
    "pct1ResTime" : 1279.9,
    "pct2ResTime" : 1309.9,
    "pct3ResTime" : 2036.1799999999976,
    "throughput" : 0.033319106075039295,
    "receivedKBytesPerSec" : 0.04226710819480082,
    "sentKBytesPerSec" : 0.04135603888806146
  },
  "Login Token" : {
    "transaction" : "Login Token",
    "sampleCount" : 100,
    "errorCount" : 0,
    "errorPct" : 0.0,
    "meanResTime" : 3071.2099999999987,
    "minResTime" : 2761.0,
    "maxResTime" : 6138.0,
    "pct1ResTime" : 3327.6,
    "pct2ResTime" : 3416.5499999999997,
    "pct3ResTime" : 6137.07,
    "throughput" : 0.03329637435779618,
    "receivedKBytesPerSec" : 0.06499946517698688,
    "sentKBytesPerSec" : 0.016843283122400802
  },
  "Product File Download" : {
    "transaction" : "Product File Download",
    "sampleCount" : 100,
    "errorCount" : 0,
    "errorPct" : 0.0,
    "meanResTime" : 4290.5,
    "minResTime" : 3038.0,
    "maxResTime" : 13114.0,
    "pct1ResTime" : 5293.000000000001,
    "pct2ResTime" : 6262.299999999998,
    "pct3ResTime" : 13063.909999999974,
    "throughput" : 0.03328275464053127,
    "receivedKBytesPerSec" : 6.8714184115705494,
    "sentKBytesPerSec" : 0.04683637640332574
  }
}