TimeStamp,Elapsed,Label,ResponseCode,ResponseMessage,ThreadName,DataType,Success,FailureMessage,Bytes,SentBytes,GrpThreads,AllThreads,URL,Latency,IdleTime,Connect,
1.5592E+12,2852,Login Token,200,OK,Thread Group 1-1,text,TRUE,,2014,526,1,1,https://test.cranecompass.com/uaa/oauth/token,2852,0,885,
1.5592E+12,1236,User Information,200,OK,Thread Group 1-1,text,TRUE,,1164,1295,1,1,https://test.cranecompass.com/uaa/api/account,1236,0,920,
1.5592E+12,1465,Product File List,200,OK,Thread Group 1-1,text,TRUE,,1607,1465,1,1,https://test.cranecompass.com/entity/api/_search/xm-entities?typeKey=COMPONENT-VERSION&size=10&query=%7B%22template%22%3A+%22PUBLISHED_COMPONENT_VERSIONS%22%2C+%22templateParams%22%3A+%7B%7D%7D&page=0&sort=id%2Cdesc,1465,0,0,
1.5592E+12,2443,Product File Download,200,OK,Thread Group 1-1,text,TRUE,,144795,1465,1,1,https://test.cranecompass.com/entity/api/xm-entities/13616/functions/DOWNLOAD-ARTIFACT,1474,0,725,
1.5592E+12,7996,Start Execution,200,"Number of samples in transaction : 4, number of failing samples : 0",Thread Group 1-1,,TRUE,,149580,4751,1,1,null,7027,4698,2530,
1.5592E+12,2646,Login Token,200,OK,Thread Group 1-2,text,TRUE,,2009,526,1,1,https://test.cranecompass.com/uaa/oauth/token,2646,0,732,
1.5592E+12,981,User Information,200,OK,Thread Group 1-2,text,TRUE,,1164,1295,1,1,https://test.cranecompass.com/uaa/api/account,981,0,718,
1.5592E+12,256,Product File List,200,OK,Thread Group 1-2,text,TRUE,,1607,1465,1,1,https://test.cranecompass.com/entity/api/_search/xm-entities?typeKey=COMPONENT-VERSION&size=10&query=%7B%22template%22%3A+%22PUBLISHED_COMPONENT_VERSIONS%22%2C+%22templateParams%22%3A+%7B%7D%7D&page=0&sort=id%2Cdesc,256,0,0,
1.5592E+12,2443,Product File Download,200,OK,Thread Group 1-2,text,TRUE,,144787,1465,1,1,https://test.cranecompass.com/entity/api/xm-entities/13616/functions/DOWNLOAD-ARTIFACT,1475,0,747,
1.5592E+12,6326,Start Execution,200,"Number of samples in transaction : 4, number of failing samples : 0",Thread Group 1-2,,TRUE,,149567,4751,1,1,null,5358,4695,2197,
1.5592E+12,2617,Login Token,200,OK,Thread Group 1-3,text,TRUE,,2013,526,1,1,https://test.cranecompass.com/uaa/oauth/token,2616,0,722,
1.5592E+12,980,User Information,200,OK,Thread Group 1-3,text,TRUE,,1164,1295,1,1,https://test.cranecompass.com/uaa/api/account,979,0,724,
1.5592E+12,259,Product File List,200,OK,Thread Group 1-3,text,TRUE,,1607,1465,1,1,https://test.cranecompass.com/entity/api/_search/xm-entities?typeKey=COMPONENT-VERSION&size=10&query=%7B%22template%22%3A+%22PUBLISHED_COMPONENT_VERSIONS%22%2C+%22templateParams%22%3A+%7B%7D%7D&page=0&sort=id%2Cdesc,258,0,0,
1.5592E+12,2411,Product File Download,200,OK,Thread Group 1-3,text,TRUE,,144801,1465,1,1,https://test.cranecompass.com/entity/api/xm-entities/13616/functions/DOWNLOAD-ARTIFACT,1444,0,722,
1.5592E+12,6267,Start Execution,200,"Number of samples in transaction : 4, number of failing samples : 0",Thread Group 1-3,,TRUE,,149585,4751,1,1,null,5297,4695,2168,
1.5592E+12,2871,Login Token,200,OK,Thread Group 1-4,text,TRUE,,2014,526,1,1,https://test.cranecompass.com/uaa/oauth/token,2870,0,950,
1.5592E+12,970,User Information,200,OK,Thread Group 1-4,text,TRUE,,1164,1295,1,1,https://test.cranecompass.com/uaa/api/account,970,0,717,
1.5592E+12,258,Product File List,200,OK,Thread Group 1-4,text,TRUE,,1607,1465,1,1,https://test.cranecompass.com/entity/api/_search/xm-entities?typeKey=COMPONENT-VERSION&size=10&query=%7B%22template%22%3A+%22PUBLISHED_COMPONENT_VERSIONS%22%2C+%22templateParams%22%3A+%7B%7D%7D&page=0&sort=id%2Cdesc,258,0,0,
1.5592E+12,2450,Product File Download,200,OK,Thread Group 1-4,text,TRUE,,144809,1465,1,1,https://test.cranecompass.com/entity/api/xm-entities/13616/functions/DOWNLOAD-ARTIFACT,1482,0,721,
1.5592E+12,6549,Start Execution,200,"Number of samples in transaction : 4, number of failing samples : 0",Thread Group 1-4,,TRUE,,149594,4751,1,1,null,5580,4694,2388,
1.5592E+12,2614,Login Token,200,OK,Thread Group 1-5,text,TRUE,,2010,526,1,1,https://test.cranecompass.com/uaa/oauth/token,2614,0,728,
1.5592E+12,985,User Information,200,OK,Thread Group 1-5,text,TRUE,,1164,1295,1,1,https://test.cranecompass.com/uaa/api/account,985,0,730,
1.5592E+12,271,Product File List,200,OK,Thread Group 1-5,text,TRUE,,1607,1465,1,1,https://test.cranecompass.com/entity/api/_search/xm-entities?typeKey=COMPONENT-VERSION&size=10&query=%7B%22template%22%3A+%22PUBLISHED_COMPONENT_VERSIONS%22%2C+%22templateParams%22%3A+%7B%7D%7D&page=0&sort=id%2Cdesc,271,0,0,
1.5592E+12,2418,Product File Download,200,OK,Thread Group 1-5,text,TRUE,,144786,1465,1,1,https://test.cranecompass.com/entity/api/xm-entities/13616/functions/DOWNLOAD-ARTIFACT,1449,0,722,
1.5592E+12,6288,Start Execution,200,"Number of samples in transaction : 4, number of failing samples : 0",Thread Group 1-5,,TRUE,,149567,4751,1,1,null,5319,4695,2180,
1.5592E+12,2677,Login Token,200,OK,Thread Group 1-6,text,TRUE,,2008,526,1,1,https://test.cranecompass.com/uaa/oauth/token,2676,0,786,
1.5592E+12,994,User Information,200,OK,Thread Group 1-6,text,TRUE,,1164,1295,1,1,https://test.cranecompass.com/uaa/api/account,994,0,728,
1.5592E+12,258,Product File List,200,OK,Thread Group 1-6,text,TRUE,,1607,1465,1,1,https://test.cranecompass.com/entity/api/_search/xm-entities?typeKey=COMPONENT-VERSION&size=10&query=%7B%22template%22%3A+%22PUBLISHED_COMPONENT_VERSIONS%22%2C+%22templateParams%22%3A+%7B%7D%7D&page=0&sort=id%2Cdesc,258,0,0,
1.5592E+12,3290,Product File Download,200,OK,Thread Group 1-6,text,TRUE,,144976,1465,1,1,https://test.cranecompass.com/entity/api/xm-entities/13616/functions/DOWNLOAD-ARTIFACT,1357,0,722,
1.5592E+12,7219,Start Execution,200,"Number of samples in transaction : 4, number of failing samples : 0",Thread Group 1-6,,TRUE,,149755,4751,1,1,null,5285,4695,2236,
1.5592E+12,2626,Login Token,200,OK,Thread Group 1-7,text,TRUE,,2008,526,1,1,https://test.cranecompass.com/uaa/oauth/token,2626,0,733,
1.5592E+12,980,User Information,200,OK,Thread Group 1-7,text,TRUE,,1164,1295,1,1,https://test.cranecompass.com/uaa/api/account,980,0,724,
1.5592E+12,256,Product File List,200,OK,Thread Group 1-7,text,TRUE,,1607,1465,1,1,https://test.cranecompass.com/entity/api/_search/xm-entities?typeKey=COMPONENT-VERSION&size=10&query=%7B%22template%22%3A+%22PUBLISHED_COMPONENT_VERSIONS%22%2C+%22templateParams%22%3A+%7B%7D%7D&page=0&sort=id%2Cdesc,256,0,0,
1.5592E+12,3317,Product File Download,200,OK,Thread Group 1-7,text,TRUE,,145127,1465,1,1,https://test.cranecompass.com/entity/api/xm-entities/13616/functions/DOWNLOAD-ARTIFACT,1389,0,723,
1.5592E+12,7179,Start Execution,200,"Number of samples in transaction : 4, number of failing samples : 0",Thread Group 1-7,,TRUE,,149906,4751,1,1,null,5251,4695,2180,
1.5592E+12,2866,Login Token,200,OK,Thread Group 1-8,text,TRUE,,2015,526,1,1,https://test.cranecompass.com/uaa/oauth/token,2866,0,967,
1.5592E+12,969,User Information,200,OK,Thread Group 1-8,text,TRUE,,1164,1295,1,1,https://test.cranecompass.com/uaa/api/account,969,0,716,
1.5592E+12,253,Product File List,200,OK,Thread Group 1-8,text,TRUE,,1607,1465,1,1,https://test.cranecompass.com/entity/api/_search/xm-entities?typeKey=COMPONENT-VERSION&size=10&query=%7B%22template%22%3A+%22PUBLISHED_COMPONENT_VERSIONS%22%2C+%22templateParams%22%3A+%7B%7D%7D&page=0&sort=id%2Cdesc,253,0,0,
1.5592E+12,3236,Product File Download,200,OK,Thread Group 1-8,text,TRUE,,145113,1465,1,1,https://test.cranecompass.com/entity/api/xm-entities/13616/functions/DOWNLOAD-ARTIFACT,1335,0,725,
1.5592E+12,7324,Start Execution,200,"Number of samples in transaction : 4, number of failing samples : 0",Thread Group 1-8,,TRUE,,149899,4751,1,1,null,5423,4693,2408,
1.5592E+12,2618,Login Token,200,OK,Thread Group 1-9,text,TRUE,,2010,526,1,1,https://test.cranecompass.com/uaa/oauth/token,2617,0,728,
1.5592E+12,975,User Information,200,OK,Thread Group 1-9,text,TRUE,,1164,1295,1,1,https://test.cranecompass.com/uaa/api/account,975,0,722,
1.5592E+12,254,Product File List,200,OK,Thread Group 1-9,text,TRUE,,1607,1465,1,1,https://test.cranecompass.com/entity/api/_search/xm-entities?typeKey=COMPONENT-VERSION&size=10&query=%7B%22template%22%3A+%22PUBLISHED_COMPONENT_VERSIONS%22%2C+%22templateParams%22%3A+%7B%7D%7D&page=0&sort=id%2Cdesc,254,0,0,
1.5592E+12,3312,Product File Download,200,OK,Thread Group 1-9,text,TRUE,,145037,1465,1,1,https://test.cranecompass.com/entity/api/xm-entities/13616/functions/DOWNLOAD-ARTIFACT,1378,0,723,
1.5592E+12,7159,Start Execution,200,"Number of samples in transaction : 4, number of failing samples : 0",Thread Group 1-9,,TRUE,,149818,4751,1,1,null,5224,4692,2173,
1.5592E+12,2579,Login Token,200,OK,Thread Group 1-10,text,TRUE,,2015,526,1,1,https://test.cranecompass.com/uaa/oauth/token,2579,0,725,
1.5592E+12,973,User Information,200,OK,Thread Group 1-10,text,TRUE,,1164,1295,1,1,https://test.cranecompass.com/uaa/api/account,973,0,717,
1.5592E+12,254,Product File List,200,OK,Thread Group 1-10,text,TRUE,,1607,1465,1,1,https://test.cranecompass.com/entity/api/_search/xm-entities?typeKey=COMPONENT-VERSION&size=10&query=%7B%22template%22%3A+%22PUBLISHED_COMPONENT_VERSIONS%22%2C+%22templateParams%22%3A+%7B%7D%7D&page=0&sort=id%2Cdesc,253,0,0,
1.5592E+12,2444,Product File Download,200,OK,Thread Group 1-10,text,TRUE,,144810,1465,1,1,https://test.cranecompass.com/entity/api/xm-entities/13616/functions/DOWNLOAD-ARTIFACT,1469,0,725,
1.5592E+12,6250,Start Execution,200,"Number of samples in transaction : 4, number of failing samples : 0",Thread Group 1-10,,TRUE,,149596,4751,1,1,null,5274,4693,2167,
1.5592E+12,2621,Login Token,200,OK,Thread Group 1-11,text,TRUE,,2010,526,1,1,https://test.cranecompass.com/uaa/oauth/token,2621,0,725,
1.5592E+12,977,User Information,200,OK,Thread Group 1-11,text,TRUE,,1164,1295,1,1,https://test.cranecompass.com/uaa/api/account,977,0,722,
1.5592E+12,257,Product File List,200,OK,Thread Group 1-11,text,TRUE,,1607,1465,1,1,https://test.cranecompass.com/entity/api/_search/xm-entities?typeKey=COMPONENT-VERSION&size=10&query=%7B%22template%22%3A+%22PUBLISHED_COMPONENT_VERSIONS%22%2C+%22templateParams%22%3A+%7B%7D%7D&page=0&sort=id%2Cdesc,256,0,0,
1.5592E+12,2387,Product File Download,200,OK,Thread Group 1-11,text,TRUE,,144793,1465,1,1,https://test.cranecompass.com/entity/api/xm-entities/13616/functions/DOWNLOAD-ARTIFACT,1420,0,722,
1.5592E+12,6242,Start Execution,200,"Number of samples in transaction : 4, number of failing samples : 0",Thread Group 1-11,,TRUE,,149574,4751,1,1,null,5274,4695,2169,
1.5592E+12,2775,Login Token,200,OK,Thread Group 1-12,text,TRUE,,2011,526,1,1,https://test.cranecompass.com/uaa/oauth/token,2774,0,872,
1.5592E+12,967,User Information,200,OK,Thread Group 1-12,text,TRUE,,1164,1295,1,1,https://test.cranecompass.com/uaa/api/account,967,0,715,
1.5592E+12,253,Product File List,200,OK,Thread Group 1-12,text,TRUE,,1607,1465,1,1,https://test.cranecompass.com/entity/api/_search/xm-entities?typeKey=COMPONENT-VERSION&size=10&query=%7B%22template%22%3A+%22PUBLISHED_COMPONENT_VERSIONS%22%2C+%22templateParams%22%3A+%7B%7D%7D&page=0&sort=id%2Cdesc,253,0,0,
1.5592E+12,2444,Product File Download,200,OK,Thread Group 1-12,text,TRUE,,144803,1465,1,1,https://test.cranecompass.com/entity/api/xm-entities/13616/functions/DOWNLOAD-ARTIFACT,1473,0,725,
1.5592E+12,6439,Start Execution,200,"Number of samples in transaction : 4, number of failing samples : 0",Thread Group 1-12,,TRUE,,149585,4751,1,1,null,5467,4695,2312,
1.5592E+12,2631,Login Token,200,OK,Thread Group 1-13,text,TRUE,,2011,526,1,1,https://test.cranecompass.com/uaa/oauth/token,2630,0,724,
1.5592E+12,991,User Information,200,OK,Thread Group 1-13,text,TRUE,,1164,1295,1,1,https://test.cranecompass.com/uaa/api/account,991,0,736,
1.5592E+12,258,Product File List,200,OK,Thread Group 1-13,text,TRUE,,1607,1465,1,1,https://test.cranecompass.com/entity/api/_search/xm-entities?typeKey=COMPONENT-VERSION&size=10&query=%7B%22template%22%3A+%22PUBLISHED_COMPONENT_VERSIONS%22%2C+%22templateParams%22%3A+%7B%7D%7D&page=0&sort=id%2Cdesc,258,0,0,
1.5592E+12,2467,Product File Download,200,OK,Thread Group 1-13,text,TRUE,,144810,1465,1,1,https://test.cranecompass.com/entity/api/xm-entities/13616/functions/DOWNLOAD-ARTIFACT,1500,0,721,
1.5592E+12,6347,Start Execution,200,"Number of samples in transaction : 4, number of failing samples : 0",Thread Group 1-13,,TRUE,,149592,4751,1,1,null,5379,4695,2181,
1.5592E+12,2685,Login Token,200,OK,Thread Group 1-14,text,TRUE,,2013,526,1,1,https://test.cranecompass.com/uaa/oauth/token,2685,0,791,
1.5592E+12,981,User Information,200,OK,Thread Group 1-14,text,TRUE,,1164,1295,1,1,https://test.cranecompass.com/uaa/api/account,981,0,728,
1.5592E+12,255,Product File List,200,OK,Thread Group 1-14,text,TRUE,,1607,1465,1,1,https://test.cranecompass.com/entity/api/_search/xm-entities?typeKey=COMPONENT-VERSION&size=10&query=%7B%22template%22%3A+%22PUBLISHED_COMPONENT_VERSIONS%22%2C+%22templateParams%22%3A+%7B%7D%7D&page=0&sort=id%2Cdesc,254,0,0,
1.5592E+12,2499,Product File Download,200,OK,Thread Group 1-14,text,TRUE,,144795,1465,1,1,https://test.cranecompass.com/entity/api/xm-entities/13616/functions/DOWNLOAD-ARTIFACT,1520,0,736,
1.5592E+12,6420,Start Execution,200,"Number of samples in transaction : 4, number of failing samples : 0",Thread Group 1-14,,TRUE,,149579,4751,1,1,null,5440,4695,2255,
1.5592E+12,2592,Login Token,200,OK,Thread Group 1-15,text,TRUE,,2013,526,1,1,https://test.cranecompass.com/uaa/oauth/token,2591,0,723,
1.5592E+12,972,User Information,200,OK,Thread Group 1-15,text,TRUE,,1164,1295,1,1,https://test.cranecompass.com/uaa/api/account,972,0,717,
1.5592E+12,255,Product File List,200,OK,Thread Group 1-15,text,TRUE,,1607,1465,1,1,https://test.cranecompass.com/entity/api/_search/xm-entities?typeKey=COMPONENT-VERSION&size=10&query=%7B%22template%22%3A+%22PUBLISHED_COMPONENT_VERSIONS%22%2C+%22templateParams%22%3A+%7B%7D%7D&page=0&sort=id%2Cdesc,255,0,0,
1.5592E+12,2472,Product File Download,200,OK,Thread Group 1-15,text,TRUE,,144788,1465,1,1,https://test.cranecompass.com/entity/api/xm-entities/13616/functions/DOWNLOAD-ARTIFACT,1505,0,726,
1.5592E+12,6291,Start Execution,200,"Number of samples in transaction : 4, number of failing samples : 0",Thread Group 1-15,,TRUE,,149572,4751,1,1,null,5323,4692,2166,
1.5592E+12,2589,Login Token,200,OK,Thread Group 1-16,text,TRUE,,2010,526,1,1,https://test.cranecompass.com/uaa/oauth/token,2589,0,727,
1.5592E+12,977,User Information,200,OK,Thread Group 1-16,text,TRUE,,1164,1295,1,1,https://test.cranecompass.com/uaa/api/account,977,0,723,
1.5592E+12,257,Product File List,200,OK,Thread Group 1-16,text,TRUE,,1607,1465,1,1,https://test.cranecompass.com/entity/api/_search/xm-entities?typeKey=COMPONENT-VERSION&size=10&query=%7B%22template%22%3A+%22PUBLISHED_COMPONENT_VERSIONS%22%2C+%22templateParams%22%3A+%7B%7D%7D&page=0&sort=id%2Cdesc,256,0,0,
1.5592E+12,3359,Product File Download,200,OK,Thread Group 1-16,text,TRUE,,145009,1465,1,1,https://test.cranecompass.com/entity/api/xm-entities/13616/functions/DOWNLOAD-ARTIFACT,1416,0,720,
1.5592E+12,7182,Start Execution,200,"Number of samples in transaction : 4, number of failing samples : 0",Thread Group 1-16,,TRUE,,149790,4751,1,1,null,5238,4693,2170,
1.5592E+12,2596,Login Token,200,OK,Thread Group 1-17,text,TRUE,,2012,526,1,1,https://test.cranecompass.com/uaa/oauth/token,2595,0,726,
1.5592E+12,984,User Information,200,OK,Thread Group 1-17,text,TRUE,,1164,1295,1,1,https://test.cranecompass.com/uaa/api/account,983,0,726,
1.5592E+12,257,Product File List,200,OK,Thread Group 1-17,text,TRUE,,1607,1465,1,1,https://test.cranecompass.com/entity/api/_search/xm-entities?typeKey=COMPONENT-VERSION&size=10&query=%7B%22template%22%3A+%22PUBLISHED_COMPONENT_VERSIONS%22%2C+%22templateParams%22%3A+%7B%7D%7D&page=0&sort=id%2Cdesc,256,0,0,
1.5592E+12,3306,Product File Download,200,OK,Thread Group 1-17,text,TRUE,,144996,1465,1,1,https://test.cranecompass.com/entity/api/xm-entities/13616/functions/DOWNLOAD-ARTIFACT,1380,0,721,
1.5592E+12,7143,Start Execution,200,"Number of samples in transaction : 4, number of failing samples : 0",Thread Group 1-17,,TRUE,,149779,4751,1,1,null,5214,4691,2173,
1.5592E+12,2790,Login Token,200,OK,Thread Group 1-18,text,TRUE,,2015,526,1,1,https://test.cranecompass.com/uaa/oauth/token,2790,0,880,
1.5592E+12,973,User Information,200,OK,Thread Group 1-18,text,TRUE,,1164,1295,1,1,https://test.cranecompass.com/uaa/api/account,972,0,719,
1.5592E+12,255,Product File List,200,OK,Thread Group 1-18,text,TRUE,,1607,1465,1,1,https://test.cranecompass.com/entity/api/_search/xm-entities?typeKey=COMPONENT-VERSION&size=10&query=%7B%22template%22%3A+%22PUBLISHED_COMPONENT_VERSIONS%22%2C+%22templateParams%22%3A+%7B%7D%7D&page=0&sort=id%2Cdesc,255,0,0,
1.5592E+12,2408,Product File Download,200,OK,Thread Group 1-18,text,TRUE,,144819,1465,1,1,https://test.cranecompass.com/entity/api/xm-entities/13616/functions/DOWNLOAD-ARTIFACT,1432,0,718,
1.5592E+12,6426,Start Execution,200,"Number of samples in transaction : 4, number of failing samples : 0",Thread Group 1-18,,TRUE,,149605,4751,1,1,null,5449,4697,2317,
1.5592E+12,2629,Login Token,200,OK,Thread Group 1-19,text,TRUE,,2009,526,1,1,https://test.cranecompass.com/uaa/oauth/token,2629,0,728,
1.5592E+12,979,User Information,200,OK,Thread Group 1-19,text,TRUE,,1164,1295,1,1,https://test.cranecompass.com/uaa/api/account,979,0,725,
1.5592E+12,255,Product File List,200,OK,Thread Group 1-19,text,TRUE,,1607,1465,1,1,https://test.cranecompass.com/entity/api/_search/xm-entities?typeKey=COMPONENT-VERSION&size=10&query=%7B%22template%22%3A+%22PUBLISHED_COMPONENT_VERSIONS%22%2C+%22templateParams%22%3A+%7B%7D%7D&page=0&sort=id%2Cdesc,255,0,0,
1.5592E+12,2372,Product File Download,200,OK,Thread Group 1-19,text,TRUE,,144772,1465,1,1,https://test.cranecompass.com/entity/api/xm-entities/13616/functions/DOWNLOAD-ARTIFACT,1580,0,722,
1.5592E+12,6235,Start Execution,200,"Number of samples in transaction : 4, number of failing samples : 0",Thread Group 1-19,,TRUE,,149552,4751,1,1,null,5443,4695,2175,
1.5592E+12,2783,Login Token,200,OK,Thread Group 1-20,text,TRUE,,2010,526,1,1,https://test.cranecompass.com/uaa/oauth/token,2783,0,919,
1.5592E+12,986,User Information,200,OK,Thread Group 1-20,text,TRUE,,1164,1295,1,1,https://test.cranecompass.com/uaa/api/account,986,0,728,
1.5592E+12,258,Product File List,200,OK,Thread Group 1-20,text,TRUE,,1607,1465,1,1,https://test.cranecompass.com/entity/api/_search/xm-entities?typeKey=COMPONENT-VERSION&size=10&query=%7B%22template%22%3A+%22PUBLISHED_COMPONENT_VERSIONS%22%2C+%22templateParams%22%3A+%7B%7D%7D&page=0&sort=id%2Cdesc,258,0,0,
1.5592E+12,2362,Product File Download,200,OK,Thread Group 1-20,text,TRUE,,144779,1465,1,1,https://test.cranecompass.com/entity/api/xm-entities/13616/functions/DOWNLOAD-ARTIFACT,1393,0,719,
1.5592E+12,6389,Start Execution,200,"Number of samples in transaction : 4, number of failing samples : 0",Thread Group 1-20,,TRUE,,149560,4751,1,1,null,5420,4693,2366,
1.5592E+12,2597,Login Token,200,OK,Thread Group 1-21,text,TRUE,,2010,526,1,1,https://test.cranecompass.com/uaa/oauth/token,2597,0,730,
1.5592E+12,976,User Information,200,OK,Thread Group 1-21,text,TRUE,,1164,1295,1,1,https://test.cranecompass.com/uaa/api/account,975,0,722,
1.5592E+12,255,Product File List,200,OK,Thread Group 1-21,text,TRUE,,1607,1465,1,1,https://test.cranecompass.com/entity/api/_search/xm-entities?typeKey=COMPONENT-VERSION&size=10&query=%7B%22template%22%3A+%22PUBLISHED_COMPONENT_VERSIONS%22%2C+%22templateParams%22%3A+%7B%7D%7D&page=0&sort=id%2Cdesc,255,0,0,
1.5592E+12,2414,Product File Download,200,OK,Thread Group 1-21,text,TRUE,,144802,1465,1,1,https://test.cranecompass.com/entity/api/xm-entities/13616/functions/DOWNLOAD-ARTIFACT,1630,0,721,
1.5592E+12,6242,Start Execution,200,"Number of samples in transaction : 4, number of failing samples : 0",Thread Group 1-21,,TRUE,,149583,4751,1,1,null,5457,4693,2173,
1.5592E+12,2595,Login Token,200,OK,Thread Group 1-22,text,TRUE,,2005,526,1,1,https://test.cranecompass.com/uaa/oauth/token,2595,0,728,
1.5592E+12,981,User Information,200,OK,Thread Group 1-22,text,TRUE,,1164,1295,1,1,https://test.cranecompass.com/uaa/api/account,981,0,724,
1.5592E+12,258,Product File List,200,OK,Thread Group 1-22,text,TRUE,,1607,1465,1,1,https://test.cranecompass.com/entity/api/_search/xm-entities?typeKey=COMPONENT-VERSION&size=10&query=%7B%22template%22%3A+%22PUBLISHED_COMPONENT_VERSIONS%22%2C+%22templateParams%22%3A+%7B%7D%7D&page=0&sort=id%2Cdesc,257,0,0,
1.5592E+12,2452,Product File Download,200,OK,Thread Group 1-22,text,TRUE,,144803,1465,1,1,https://test.cranecompass.com/entity/api/xm-entities/13616/functions/DOWNLOAD-ARTIFACT,1481,0,727,
1.5592E+12,6286,Start Execution,200,"Number of samples in transaction : 4, number of failing samples : 0",Thread Group 1-22,,TRUE,,149579,4751,1,1,null,5314,4695,2179,
1.5592E+12,2599,Login Token,200,OK,Thread Group 1-23,text,TRUE,,2009,526,1,1,https://test.cranecompass.com/uaa/oauth/token,2599,0,725,
1.5592E+12,982,User Information,200,OK,Thread Group 1-23,text,TRUE,,1164,1295,1,1,https://test.cranecompass.com/uaa/api/account,982,0,729,
1.5592E+12,256,Product File List,200,OK,Thread Group 1-23,text,TRUE,,1607,1465,1,1,https://test.cranecompass.com/entity/api/_search/xm-entities?typeKey=COMPONENT-VERSION&size=10&query=%7B%22template%22%3A+%22PUBLISHED_COMPONENT_VERSIONS%22%2C+%22templateParams%22%3A+%7B%7D%7D&page=0&sort=id%2Cdesc,255,0,0,
1.5592E+12,2424,Product File Download,200,OK,Thread Group 1-23,text,TRUE,,144787,1465,1,1,https://test.cranecompass.com/entity/api/xm-entities/13616/functions/DOWNLOAD-ARTIFACT,1452,0,729,
1.5592E+12,6261,Start Execution,200,"Number of samples in transaction : 4, number of failing samples : 0",Thread Group 1-23,,TRUE,,149567,4751,1,1,null,5288,4694,2183,
1.5592E+12,2799,Login Token,200,OK,Thread Group 1-24,text,TRUE,,2013,526,1,1,https://test.cranecompass.com/uaa/oauth/token,2799,0,899,
1.5592E+12,979,User Information,200,OK,Thread Group 1-24,text,TRUE,,1164,1295,1,1,https://test.cranecompass.com/uaa/api/account,978,0,723,
1.5592E+12,257,Product File List,200,OK,Thread Group 1-24,text,TRUE,,1607,1465,1,1,https://test.cranecompass.com/entity/api/_search/xm-entities?typeKey=COMPONENT-VERSION&size=10&query=%7B%22template%22%3A+%22PUBLISHED_COMPONENT_VERSIONS%22%2C+%22templateParams%22%3A+%7B%7D%7D&page=0&sort=id%2Cdesc,257,0,0,
1.5592E+12,3347,Product File Download,200,OK,Thread Group 1-24,text,TRUE,,144942,1465,1,1,https://test.cranecompass.com/entity/api/xm-entities/13616/functions/DOWNLOAD-ARTIFACT,1412,0,736,
1.5592E+12,7382,Start Execution,200,"Number of samples in transaction : 4, number of failing samples : 0",Thread Group 1-24,,TRUE,,149726,4751,1,1,null,5446,4693,2358,
1.5592E+12,2640,Login Token,200,OK,Thread Group 1-25,text,TRUE,,2017,526,1,1,https://test.cranecompass.com/uaa/oauth/token,2640,0,731,
1.5592E+12,971,User Information,200,OK,Thread Group 1-25,text,TRUE,,1164,1295,1,1,https://test.cranecompass.com/uaa/api/account,971,0,718,
1.5592E+12,257,Product File List,200,OK,Thread Group 1-25,text,TRUE,,1607,1465,1,1,https://test.cranecompass.com/entity/api/_search/xm-entities?typeKey=COMPONENT-VERSION&size=10&query=%7B%22template%22%3A+%22PUBLISHED_COMPONENT_VERSIONS%22%2C+%22templateParams%22%3A+%7B%7D%7D&page=0&sort=id%2Cdesc,257,0,0,
1.5592E+12,3284,Product File Download,200,OK,Thread Group 1-25,text,TRUE,,145099,1465,1,1,https://test.cranecompass.com/entity/api/xm-entities/13616/functions/DOWNLOAD-ARTIFACT,1360,0,723,
1.5592E+12,7152,Start Execution,200,"Number of samples in transaction : 4, number of failing samples : 0",Thread Group 1-25,,TRUE,,149887,4751,1,1,null,5228,4692,2172,
1.5592E+12,2756,Login Token,200,OK,Thread Group 1-26,text,TRUE,,2011,526,1,1,https://test.cranecompass.com/uaa/oauth/token,2756,0,785,
1.5592E+12,982,User Information,200,OK,Thread Group 1-26,text,TRUE,,1164,1295,1,1,https://test.cranecompass.com/uaa/api/account,982,0,727,
1.5592E+12,256,Product File List,200,OK,Thread Group 1-26,text,TRUE,,1607,1465,1,1,https://test.cranecompass.com/entity/api/_search/xm-entities?typeKey=COMPONENT-VERSION&size=10&query=%7B%22template%22%3A+%22PUBLISHED_COMPONENT_VERSIONS%22%2C+%22templateParams%22%3A+%7B%7D%7D&page=0&sort=id%2Cdesc,256,0,0,
1.5592E+12,2389,Product File Download,200,OK,Thread Group 1-26,text,TRUE,,144808,1465,1,1,https://test.cranecompass.com/entity/api/xm-entities/13616/functions/DOWNLOAD-ARTIFACT,1409,0,722,
1.5592E+12,6383,Start Execution,200,"Number of samples in transaction : 4, number of failing samples : 0",Thread Group 1-26,,TRUE,,149590,4751,1,1,null,5403,4693,2234,
1.5592E+12,2652,Login Token,200,OK,Thread Group 1-27,text,TRUE,,2010,526,1,1,https://test.cranecompass.com/uaa/oauth/token,2652,0,722,
1.5592E+12,977,User Information,200,OK,Thread Group 1-27,text,TRUE,,1164,1295,1,1,https://test.cranecompass.com/uaa/api/account,977,0,721,
1.5592E+12,257,Product File List,200,OK,Thread Group 1-27,text,TRUE,,1607,1465,1,1,https://test.cranecompass.com/entity/api/_search/xm-entities?typeKey=COMPONENT-VERSION&size=10&query=%7B%22template%22%3A+%22PUBLISHED_COMPONENT_VERSIONS%22%2C+%22templateParams%22%3A+%7B%7D%7D&page=0&sort=id%2Cdesc,257,0,0,
1.5592E+12,2422,Product File Download,200,OK,Thread Group 1-27,text,TRUE,,144796,1465,1,1,https://test.cranecompass.com/entity/api/xm-entities/13616/functions/DOWNLOAD-ARTIFACT,1442,0,723,
1.5592E+12,6308,Start Execution,200,"Number of samples in transaction : 4, number of failing samples : 0",Thread Group 1-27,,TRUE,,149577,4751,1,1,null,5328,4695,2166,
1.5592E+12,2621,Login Token,200,OK,Thread Group 1-28,text,TRUE,,2014,526,1,1,https://test.cranecompass.com/uaa/oauth/token,2621,0,728,
1.5592E+12,983,User Information,200,OK,Thread Group 1-28,text,TRUE,,1164,1295,1,1,https://test.cranecompass.com/uaa/api/account,982,0,726,
1.5592E+12,266,Product File List,200,OK,Thread Group 1-28,text,TRUE,,1607,1465,1,1,https://test.cranecompass.com/entity/api/_search/xm-entities?typeKey=COMPONENT-VERSION&size=10&query=%7B%22template%22%3A+%22PUBLISHED_COMPONENT_VERSIONS%22%2C+%22templateParams%22%3A+%7B%7D%7D&page=0&sort=id%2Cdesc,266,0,0,
1.5592E+12,2444,Product File Download,200,OK,Thread Group 1-28,text,TRUE,,144803,1465,1,1,https://test.cranecompass.com/entity/api/xm-entities/13616/functions/DOWNLOAD-ARTIFACT,1424,0,727,
1.5592E+12,6314,Start Execution,200,"Number of samples in transaction : 4, number of failing samples : 0",Thread Group 1-28,,TRUE,,149588,4751,1,1,null,5293,4694,2181,
1.5592E+12,2593,Login Token,200,OK,Thread Group 1-29,text,TRUE,,2007,526,1,1,https://test.cranecompass.com/uaa/oauth/token,2593,0,724,
1.5592E+12,970,User Information,200,OK,Thread Group 1-29,text,TRUE,,1164,1295,1,1,https://test.cranecompass.com/uaa/api/account,970,0,717,
1.5592E+12,256,Product File List,200,OK,Thread Group 1-29,text,TRUE,,1607,1465,1,1,https://test.cranecompass.com/entity/api/_search/xm-entities?typeKey=COMPONENT-VERSION&size=10&query=%7B%22template%22%3A+%22PUBLISHED_COMPONENT_VERSIONS%22%2C+%22templateParams%22%3A+%7B%7D%7D&page=0&sort=id%2Cdesc,255,0,0,
1.5592E+12,2463,Product File Download,200,OK,Thread Group 1-29,text,TRUE,,144787,1465,1,1,https://test.cranecompass.com/entity/api/xm-entities/13616/functions/DOWNLOAD-ARTIFACT,1479,0,729,
1.5592E+12,6282,Start Execution,200,"Number of samples in transaction : 4, number of failing samples : 0",Thread Group 1-29,,TRUE,,149565,4751,1,1,null,5297,4696,2170,
1.5592E+12,2687,Login Token,200,OK,Thread Group 1-30,text,TRUE,,2010,526,1,1,https://test.cranecompass.com/uaa/oauth/token,2687,0,784,
1.5592E+12,970,User Information,200,OK,Thread Group 1-30,text,TRUE,,1164,1295,1,1,https://test.cranecompass.com/uaa/api/account,969,0,716,
1.5592E+12,255,Product File List,200,OK,Thread Group 1-30,text,TRUE,,1607,1465,1,1,https://test.cranecompass.com/entity/api/_search/xm-entities?typeKey=COMPONENT-VERSION&size=10&query=%7B%22template%22%3A+%22PUBLISHED_COMPONENT_VERSIONS%22%2C+%22templateParams%22%3A+%7B%7D%7D&page=0&sort=id%2Cdesc,255,0,0,
1.5592E+12,2346,Product File Download,200,OK,Thread Group 1-30,text,TRUE,,144794,1465,1,1,https://test.cranecompass.com/entity/api/xm-entities/13616/functions/DOWNLOAD-ARTIFACT,1379,0,720,
1.5592E+12,6258,Start Execution,200,"Number of samples in transaction : 4, number of failing samples : 0",Thread Group 1-30,,TRUE,,149575,4751,1,1,null,5290,4695,2220,
1.5592E+12,2643,Login Token,200,OK,Thread Group 1-31,text,TRUE,,2013,526,1,1,https://test.cranecompass.com/uaa/oauth/token,2643,0,729,
1.5592E+12,983,User Information,200,OK,Thread Group 1-31,text,TRUE,,1164,1295,1,1,https://test.cranecompass.com/uaa/api/account,982,0,727,
1.5592E+12,258,Product File List,200,OK,Thread Group 1-31,text,TRUE,,1607,1465,1,1,https://test.cranecompass.com/entity/api/_search/xm-entities?typeKey=COMPONENT-VERSION&size=10&query=%7B%22template%22%3A+%22PUBLISHED_COMPONENT_VERSIONS%22%2C+%22templateParams%22%3A+%7B%7D%7D&page=0&sort=id%2Cdesc,258,0,0,
1.5592E+12,2410,Product File Download,200,OK,Thread Group 1-31,text,TRUE,,144794,1465,1,1,https://test.cranecompass.com/entity/api/xm-entities/13616/functions/DOWNLOAD-ARTIFACT,1388,0,724,
1.5592E+12,6294,Start Execution,200,"Number of samples in transaction : 4, number of failing samples : 0",Thread Group 1-31,,TRUE,,149578,4751,1,1,null,5271,4694,2180,
1.5592E+12,2971,Login Token,200,OK,Thread Group 1-32,text,TRUE,,2011,526,1,1,https://test.cranecompass.com/uaa/oauth/token,2971,0,1048,
1.5592E+12,975,User Information,200,OK,Thread Group 1-32,text,TRUE,,1164,1295,1,1,https://test.cranecompass.com/uaa/api/account,974,0,719,
1.5592E+12,260,Product File List,200,OK,Thread Group 1-32,text,TRUE,,1607,1465,1,1,https://test.cranecompass.com/entity/api/_search/xm-entities?typeKey=COMPONENT-VERSION&size=10&query=%7B%22template%22%3A+%22PUBLISHED_COMPONENT_VERSIONS%22%2C+%22templateParams%22%3A+%7B%7D%7D&page=0&sort=id%2Cdesc,259,0,0,
1.5592E+12,2347,Product File Download,200,OK,Thread Group 1-32,text,TRUE,,144787,1465,1,1,https://test.cranecompass.com/entity/api/xm-entities/13616/functions/DOWNLOAD-ARTIFACT,1389,0,726,
1.5592E+12,6553,Start Execution,200,"Number of samples in transaction : 4, number of failing samples : 0",Thread Group 1-32,,TRUE,,149569,4751,1,1,null,5593,4693,2493,
1.5592E+12,2600,Login Token,200,OK,Thread Group 1-33,text,TRUE,,2009,526,1,1,https://test.cranecompass.com/uaa/oauth/token,2599,0,731,
1.5592E+12,976,User Information,200,OK,Thread Group 1-33,text,TRUE,,1164,1295,1,1,https://test.cranecompass.com/uaa/api/account,975,0,721,
1.5592E+12,259,Product File List,200,OK,Thread Group 1-33,text,TRUE,,1607,1465,1,1,https://test.cranecompass.com/entity/api/_search/xm-entities?typeKey=COMPONENT-VERSION&size=10&query=%7B%22template%22%3A+%22PUBLISHED_COMPONENT_VERSIONS%22%2C+%22templateParams%22%3A+%7B%7D%7D&page=0&sort=id%2Cdesc,259,0,0,
1.5592E+12,2355,Product File Download,200,OK,Thread Group 1-33,text,TRUE,,144794,1465,1,1,https://test.cranecompass.com/entity/api/xm-entities/13616/functions/DOWNLOAD-ARTIFACT,1389,0,733,
1.5592E+12,6190,Start Execution,200,"Number of samples in transaction : 4, number of failing samples : 0",Thread Group 1-33,,TRUE,,149574,4751,1,1,null,5222,4694,2185,
1.5592E+12,2602,Login Token,200,OK,Thread Group 1-34,text,TRUE,,2013,526,1,1,https://test.cranecompass.com/uaa/oauth/token,2601,0,726,
1.5592E+12,984,User Information,200,OK,Thread Group 1-34,text,TRUE,,1164,1295,1,1,https://test.cranecompass.com/uaa/api/account,984,0,729,
1.5592E+12,258,Product File List,200,OK,Thread Group 1-34,text,TRUE,,1607,1465,1,1,https://test.cranecompass.com/entity/api/_search/xm-entities?typeKey=COMPONENT-VERSION&size=10&query=%7B%22template%22%3A+%22PUBLISHED_COMPONENT_VERSIONS%22%2C+%22templateParams%22%3A+%7B%7D%7D&page=0&sort=id%2Cdesc,258,0,0,
1.5592E+12,2334,Product File Download,200,OK,Thread Group 1-34,text,TRUE,,144779,1465,1,1,https://test.cranecompass.com/entity/api/xm-entities/13616/functions/DOWNLOAD-ARTIFACT,1380,0,723,
1.5592E+12,6178,Start Execution,200,"Number of samples in transaction : 4, number of failing samples : 0",Thread Group 1-34,,TRUE,,149563,4751,1,1,null,5223,4697,2178,
1.5592E+12,2599,Login Token,200,OK,Thread Group 1-35,text,TRUE,,2009,526,1,1,https://test.cranecompass.com/uaa/oauth/token,2599,0,728,
1.5592E+12,970,User Information,200,OK,Thread Group 1-35,text,TRUE,,1164,1295,1,1,https://test.cranecompass.com/uaa/api/account,970,0,719,
1.5592E+12,253,Product File List,200,OK,Thread Group 1-35,text,TRUE,,1607,1465,1,1,https://test.cranecompass.com/entity/api/_search/xm-entities?typeKey=COMPONENT-VERSION&size=10&query=%7B%22template%22%3A+%22PUBLISHED_COMPONENT_VERSIONS%22%2C+%22templateParams%22%3A+%7B%7D%7D&page=0&sort=id%2Cdesc,253,0,0,
1.5592E+12,2420,Product File Download,200,OK,Thread Group 1-35,text,TRUE,,144793,1465,1,1,https://test.cranecompass.com/entity/api/xm-entities/13616/functions/DOWNLOAD-ARTIFACT,1444,0,723,
1.5592E+12,6242,Start Execution,200,"Number of samples in transaction : 4, number of failing samples : 0",Thread Group 1-35,,TRUE,,149573,4751,1,1,null,5266,4694,2170,
1.5592E+12,2800,Login Token,200,OK,Thread Group 1-36,text,TRUE,,2008,526,1,1,https://test.cranecompass.com/uaa/oauth/token,2800,0,921,
1.5592E+12,978,User Information,200,OK,Thread Group 1-36,text,TRUE,,1164,1295,1,1,https://test.cranecompass.com/uaa/api/account,978,0,724,
1.5592E+12,255,Product File List,200,OK,Thread Group 1-36,text,TRUE,,1607,1465,1,1,https://test.cranecompass.com/entity/api/_search/xm-entities?typeKey=COMPONENT-VERSION&size=10&query=%7B%22template%22%3A+%22PUBLISHED_COMPONENT_VERSIONS%22%2C+%22templateParams%22%3A+%7B%7D%7D&page=0&sort=id%2Cdesc,255,0,0,
1.5592E+12,2418,Product File Download,200,OK,Thread Group 1-36,text,TRUE,,144795,1465,1,1,https://test.cranecompass.com/entity/api/xm-entities/13616/functions/DOWNLOAD-ARTIFACT,1443,0,723,
1.5592E+12,6451,Start Execution,200,"Number of samples in transaction : 4, number of failing samples : 0",Thread Group 1-36,,TRUE,,149574,4751,1,1,null,5476,4694,2368,
1.5592E+12,2600,Login Token,200,OK,Thread Group 1-37,text,TRUE,,2013,526,1,1,https://test.cranecompass.com/uaa/oauth/token,2600,0,718,
1.5592E+12,977,User Information,200,OK,Thread Group 1-37,text,TRUE,,1164,1295,1,1,https://test.cranecompass.com/uaa/api/account,977,0,723,
1.5592E+12,272,Product File List,200,OK,Thread Group 1-37,text,TRUE,,1607,1465,1,1,https://test.cranecompass.com/entity/api/_search/xm-entities?typeKey=COMPONENT-VERSION&size=10&query=%7B%22template%22%3A+%22PUBLISHED_COMPONENT_VERSIONS%22%2C+%22templateParams%22%3A+%7B%7D%7D&page=0&sort=id%2Cdesc,272,0,0,
1.5592E+12,2424,Product File Download,200,OK,Thread Group 1-37,text,TRUE,,144792,1465,1,1,https://test.cranecompass.com/entity/api/xm-entities/13616/functions/DOWNLOAD-ARTIFACT,1448,0,725,
1.5592E+12,6273,Start Execution,200,"Number of samples in transaction : 4, number of failing samples : 0",Thread Group 1-37,,TRUE,,149576,4751,1,1,null,5297,4694,2166,
1.5592E+12,2701,Login Token,200,OK,Thread Group 1-38,text,TRUE,,2014,526,1,1,https://test.cranecompass.com/uaa/oauth/token,2700,0,793,
1.5592E+12,989,User Information,200,OK,Thread Group 1-38,text,TRUE,,1164,1295,1,1,https://test.cranecompass.com/uaa/api/account,989,0,735,
1.5592E+12,257,Product File List,200,OK,Thread Group 1-38,text,TRUE,,1607,1465,1,1,https://test.cranecompass.com/entity/api/_search/xm-entities?typeKey=COMPONENT-VERSION&size=10&query=%7B%22template%22%3A+%22PUBLISHED_COMPONENT_VERSIONS%22%2C+%22templateParams%22%3A+%7B%7D%7D&page=0&sort=id%2Cdesc,256,0,0,
1.5592E+12,3331,Product File Download,200,OK,Thread Group 1-38,text,TRUE,,144845,1465,1,1,https://test.cranecompass.com/entity/api/xm-entities/13616/functions/DOWNLOAD-ARTIFACT,1425,0,725,
1.5592E+12,7278,Start Execution,200,"Number of samples in transaction : 4, number of failing samples : 0",Thread Group 1-38,,TRUE,,149630,4751,1,1,null,5370,4694,2253,
1.5592E+12,2667,Login Token,200,OK,Thread Group 1-39,text,TRUE,,2019,526,1,1,https://test.cranecompass.com/uaa/oauth/token,2667,0,714,
1.5592E+12,979,User Information,200,OK,Thread Group 1-39,text,TRUE,,1164,1295,1,1,https://test.cranecompass.com/uaa/api/account,979,0,725,
1.5592E+12,255,Product File List,200,OK,Thread Group 1-39,text,TRUE,,1607,1465,1,1,https://test.cranecompass.com/entity/api/_search/xm-entities?typeKey=COMPONENT-VERSION&size=10&query=%7B%22template%22%3A+%22PUBLISHED_COMPONENT_VERSIONS%22%2C+%22templateParams%22%3A+%7B%7D%7D&page=0&sort=id%2Cdesc,255,0,0,
1.5592E+12,3283,Product File Download,200,OK,Thread Group 1-39,text,TRUE,,144995,1465,1,1,https://test.cranecompass.com/entity/api/xm-entities/13616/functions/DOWNLOAD-ARTIFACT,1361,0,725,
1.5592E+12,7184,Start Execution,200,"Number of samples in transaction : 4, number of failing samples : 0",Thread Group 1-39,,TRUE,,149785,4751,1,1,null,5262,4692,2164,
1.5592E+12,2635,Login Token,200,OK,Thread Group 1-40,text,TRUE,,2015,526,1,1,https://test.cranecompass.com/uaa/oauth/token,2635,0,724,
1.5592E+12,983,User Information,200,OK,Thread Group 1-40,text,TRUE,,1164,1295,1,1,https://test.cranecompass.com/uaa/api/account,983,0,727,
1.5592E+12,257,Product File List,200,OK,Thread Group 1-40,text,TRUE,,1607,1465,1,1,https://test.cranecompass.com/entity/api/_search/xm-entities?typeKey=COMPONENT-VERSION&size=10&query=%7B%22template%22%3A+%22PUBLISHED_COMPONENT_VERSIONS%22%2C+%22templateParams%22%3A+%7B%7D%7D&page=0&sort=id%2Cdesc,257,0,0,
1.5592E+12,3333,Product File Download,200,OK,Thread Group 1-40,text,TRUE,,144989,1465,1,1,https://test.cranecompass.com/entity/api/xm-entities/13616/functions/DOWNLOAD-ARTIFACT,1394,0,730,
1.5592E+12,7208,Start Execution,200,"Number of samples in transaction : 4, number of failing samples : 0",Thread Group 1-40,,TRUE,,149775,4751,1,1,null,5269,4694,2181,
1.5592E+12,2600,Login Token,200,OK,Thread Group 1-41,text,TRUE,,2010,526,1,1,https://test.cranecompass.com/uaa/oauth/token,2600,0,726,
1.5592E+12,981,User Information,200,OK,Thread Group 1-41,text,TRUE,,1164,1295,1,1,https://test.cranecompass.com/uaa/api/account,981,0,725,
1.5592E+12,257,Product File List,200,OK,Thread Group 1-41,text,TRUE,,1607,1465,1,1,https://test.cranecompass.com/entity/api/_search/xm-entities?typeKey=COMPONENT-VERSION&size=10&query=%7B%22template%22%3A+%22PUBLISHED_COMPONENT_VERSIONS%22%2C+%22templateParams%22%3A+%7B%7D%7D&page=0&sort=id%2Cdesc,257,0,0,
1.5592E+12,3312,Product File Download,200,OK,Thread Group 1-41,text,TRUE,,145030,1465,1,1,https://test.cranecompass.com/entity/api/xm-entities/13616/functions/DOWNLOAD-ARTIFACT,1365,0,731,
1.5592E+12,7150,Start Execution,200,"Number of samples in transaction : 4, number of failing samples : 0",Thread Group 1-41,,TRUE,,149811,4751,1,1,null,5203,4695,2182,
1.5592E+12,2798,Login Token,200,OK,Thread Group 1-42,text,TRUE,,2011,526,1,1,https://test.cranecompass.com/uaa/oauth/token,2797,0,937,
1.5592E+12,999,User Information,200,OK,Thread Group 1-42,text,TRUE,,1164,1295,1,1,https://test.cranecompass.com/uaa/api/account,998,0,743,
1.5592E+12,257,Product File List,200,OK,Thread Group 1-42,text,TRUE,,1607,1465,1,1,https://test.cranecompass.com/entity/api/_search/xm-entities?typeKey=COMPONENT-VERSION&size=10&query=%7B%22template%22%3A+%22PUBLISHED_COMPONENT_VERSIONS%22%2C+%22templateParams%22%3A+%7B%7D%7D&page=0&sort=id%2Cdesc,256,0,0,
1.5592E+12,3306,Product File Download,200,OK,Thread Group 1-42,text,TRUE,,144950,1465,1,1,https://test.cranecompass.com/entity/api/xm-entities/13616/functions/DOWNLOAD-ARTIFACT,1400,0,735,
1.5592E+12,7360,Start Execution,200,"Number of samples in transaction : 4, number of failing samples : 0",Thread Group 1-42,,TRUE,,149732,4751,1,1,null,5451,4690,2415,
1.5592E+12,2871,Login Token,200,OK,Thread Group 1-43,text,TRUE,,2010,526,1,1,https://test.cranecompass.com/uaa/oauth/token,2851,0,901,
1.5592E+12,1177,User Information,200,OK,Thread Group 1-43,text,TRUE,,1164,1295,1,1,https://test.cranecompass.com/uaa/api/account,1148,0,888,
1.5592E+12,300,Product File List,200,OK,Thread Group 1-43,text,TRUE,,1607,1465,1,1,https://test.cranecompass.com/entity/api/_search/xm-entities?typeKey=COMPONENT-VERSION&size=10&query=%7B%22template%22%3A+%22PUBLISHED_COMPONENT_VERSIONS%22%2C+%22templateParams%22%3A+%7B%7D%7D&page=0&sort=id%2Cdesc,300,0,0,
1.5592E+12,4874,Product File Download,200,OK,Thread Group 1-43,text,TRUE,,145051,1465,1,1,https://test.cranecompass.com/entity/api/xm-entities/13616/functions/DOWNLOAD-ARTIFACT,1645,0,844,
1.5592E+12,9222,Start Execution,200,"Number of samples in transaction : 4, number of failing samples : 0",Thread Group 1-43,,TRUE,,149832,4751,1,1,null,5944,4690,2633,
1.5592E+12,3001,Login Token,200,OK,Thread Group 1-44,text,TRUE,,2013,526,1,1,https://test.cranecompass.com/uaa/oauth/token,2952,0,1022,
1.5592E+12,1100,User Information,200,OK,Thread Group 1-44,text,TRUE,,1164,1295,1,1,https://test.cranecompass.com/uaa/api/account,1100,0,840,
1.5592E+12,290,Product File List,200,OK,Thread Group 1-44,text,TRUE,,1607,1465,1,1,https://test.cranecompass.com/entity/api/_search/xm-entities?typeKey=COMPONENT-VERSION&size=10&query=%7B%22template%22%3A+%22PUBLISHED_COMPONENT_VERSIONS%22%2C+%22templateParams%22%3A+%7B%7D%7D&page=0&sort=id%2Cdesc,289,0,0,
1.5592E+12,5084,Product File Download,200,OK,Thread Group 1-44,text,TRUE,,144801,1465,1,1,https://test.cranecompass.com/entity/api/xm-entities/13616/functions/DOWNLOAD-ARTIFACT,1934,0,904,
1.5592E+12,9475,Start Execution,200,"Number of samples in transaction : 4, number of failing samples : 0",Thread Group 1-44,,TRUE,,149585,4751,1,1,null,6275,4688,2766,
1.5592E+12,2764,Login Token,200,OK,Thread Group 1-45,text,TRUE,,2006,526,1,1,https://test.cranecompass.com/uaa/oauth/token,2764,0,831,
1.5592E+12,1076,User Information,200,OK,Thread Group 1-45,text,TRUE,,1164,1295,1,1,https://test.cranecompass.com/uaa/api/account,1076,0,819,
1.5592E+12,271,Product File List,200,OK,Thread Group 1-45,text,TRUE,,1607,1465,1,1,https://test.cranecompass.com/entity/api/_search/xm-entities?typeKey=COMPONENT-VERSION&size=10&query=%7B%22template%22%3A+%22PUBLISHED_COMPONENT_VERSIONS%22%2C+%22templateParams%22%3A+%7B%7D%7D&page=0&sort=id%2Cdesc,270,0,0,
1.5592E+12,2410,Product File Download,200,OK,Thread Group 1-45,text,TRUE,,144793,1465,1,1,https://test.cranecompass.com/entity/api/xm-entities/13616/functions/DOWNLOAD-ARTIFACT,1443,0,718,
1.5592E+12,6521,Start Execution,200,"Number of samples in transaction : 4, number of failing samples : 0",Thread Group 1-45,,TRUE,,149570,4751,1,1,null,5553,4691,2368,
1.5592E+12,2903,Login Token,200,OK,Thread Group 1-46,text,TRUE,,2004,526,1,1,https://test.cranecompass.com/uaa/oauth/token,2902,0,982,
1.5592E+12,1067,User Information,200,OK,Thread Group 1-46,text,TRUE,,1164,1295,1,1,https://test.cranecompass.com/uaa/api/account,1067,0,808,
1.5592E+12,270,Product File List,200,OK,Thread Group 1-46,text,TRUE,,1607,1465,1,1,https://test.cranecompass.com/entity/api/_search/xm-entities?typeKey=COMPONENT-VERSION&size=10&query=%7B%22template%22%3A+%22PUBLISHED_COMPONENT_VERSIONS%22%2C+%22templateParams%22%3A+%7B%7D%7D&page=0&sort=id%2Cdesc,270,0,0,
1.5592E+12,3095,Product File Download,200,OK,Thread Group 1-46,text,TRUE,,144794,1465,1,1,https://test.cranecompass.com/entity/api/xm-entities/13616/functions/DOWNLOAD-ARTIFACT,1474,0,764,
1.5592E+12,7335,Start Execution,200,"Number of samples in transaction : 4, number of failing samples : 0",Thread Group 1-46,,TRUE,,149569,4751,1,1,null,5713,4692,2554,
1.5592E+12,2899,Login Token,200,OK,Thread Group 1-47,text,TRUE,,2011,526,1,1,https://test.cranecompass.com/uaa/oauth/token,2899,0,942,
1.5592E+12,1179,User Information,200,OK,Thread Group 1-47,text,TRUE,,1164,1295,1,1,https://test.cranecompass.com/uaa/api/account,1179,0,856,
1.5592E+12,343,Product File List,200,OK,Thread Group 1-47,text,TRUE,,1607,1465,1,1,https://test.cranecompass.com/entity/api/_search/xm-entities?typeKey=COMPONENT-VERSION&size=10&query=%7B%22template%22%3A+%22PUBLISHED_COMPONENT_VERSIONS%22%2C+%22templateParams%22%3A+%7B%7D%7D&page=0&sort=id%2Cdesc,343,0,0,
1.5592E+12,4358,Product File Download,200,OK,Thread Group 1-47,text,TRUE,,144794,1465,1,1,https://test.cranecompass.com/entity/api/xm-entities/13616/functions/DOWNLOAD-ARTIFACT,3143,0,1323,
1.5592E+12,8779,Start Execution,200,"Number of samples in transaction : 4, number of failing samples : 0",Thread Group 1-47,,TRUE,,149576,4751,1,1,null,7564,4691,3121,
1.5592E+12,2692,Login Token,200,OK,Thread Group 1-48,text,TRUE,,2011,526,1,1,https://test.cranecompass.com/uaa/oauth/token,2692,0,780,
1.5592E+12,993,User Information,200,OK,Thread Group 1-48,text,TRUE,,1164,1295,1,1,https://test.cranecompass.com/uaa/api/account,993,0,740,
1.5592E+12,255,Product File List,200,OK,Thread Group 1-48,text,TRUE,,1607,1465,1,1,https://test.cranecompass.com/entity/api/_search/xm-entities?typeKey=COMPONENT-VERSION&size=10&query=%7B%22template%22%3A+%22PUBLISHED_COMPONENT_VERSIONS%22%2C+%22templateParams%22%3A+%7B%7D%7D&page=0&sort=id%2Cdesc,255,0,0,
1.5592E+12,3124,Product File Download,200,OK,Thread Group 1-48,text,TRUE,,144802,1465,1,1,https://test.cranecompass.com/entity/api/xm-entities/13616/functions/DOWNLOAD-ARTIFACT,1643,0,792,
1.5592E+12,7064,Start Execution,200,"Number of samples in transaction : 4, number of failing samples : 0",Thread Group 1-48,,TRUE,,149584,4751,1,1,null,5583,4694,2312,
1.5592E+12,2600,Login Token,200,OK,Thread Group 1-49,text,TRUE,,2009,526,1,1,https://test.cranecompass.com/uaa/oauth/token,2599,0,731,
1.5592E+12,982,User Information,200,OK,Thread Group 1-49,text,TRUE,,1164,1295,1,1,https://test.cranecompass.com/uaa/api/account,981,0,729,
1.5592E+12,255,Product File List,200,OK,Thread Group 1-49,text,TRUE,,1607,1465,1,1,https://test.cranecompass.com/entity/api/_search/xm-entities?typeKey=COMPONENT-VERSION&size=10&query=%7B%22template%22%3A+%22PUBLISHED_COMPONENT_VERSIONS%22%2C+%22templateParams%22%3A+%7B%7D%7D&page=0&sort=id%2Cdesc,255,0,0,
1.5592E+12,2434,Product File Download,200,OK,Thread Group 1-49,text,TRUE,,144779,1465,1,1,https://test.cranecompass.com/entity/api/xm-entities/13616/functions/DOWNLOAD-ARTIFACT,1458,0,734,
1.5592E+12,6271,Start Execution,200,"Number of samples in transaction : 4, number of failing samples : 0",Thread Group 1-49,,TRUE,,149559,4751,1,1,null,5293,4692,2194,
1.5592E+12,2798,Login Token,200,OK,Thread Group 1-50,text,TRUE,,2014,526,1,1,https://test.cranecompass.com/uaa/oauth/token,2798,0,940,
1.5592E+12,992,User Information,200,OK,Thread Group 1-50,text,TRUE,,1164,1295,1,1,https://test.cranecompass.com/uaa/api/account,991,0,736,
1.5592E+12,258,Product File List,200,OK,Thread Group 1-50,text,TRUE,,1607,1465,1,1,https://test.cranecompass.com/entity/api/_search/xm-entities?typeKey=COMPONENT-VERSION&size=10&query=%7B%22template%22%3A+%22PUBLISHED_COMPONENT_VERSIONS%22%2C+%22templateParams%22%3A+%7B%7D%7D&page=0&sort=id%2Cdesc,258,0,0,
1.5592E+12,3377,Product File Download,200,OK,Thread Group 1-50,text,TRUE,,145079,1465,1,1,https://test.cranecompass.com/entity/api/xm-entities/13616/functions/DOWNLOAD-ARTIFACT,1387,0,721,
1.5592E+12,7425,Start Execution,200,"Number of samples in transaction : 4, number of failing samples : 0",Thread Group 1-50,,TRUE,,149864,4751,1,1,null,5434,4695,2397,
1.5592E+12,2794,Login Token,200,OK,Thread Group 1-51,text,TRUE,,2015,526,1,1,https://test.cranecompass.com/uaa/oauth/token,2794,0,805,
1.5592E+12,1090,User Information,200,OK,Thread Group 1-51,text,TRUE,,1164,1295,1,1,https://test.cranecompass.com/uaa/api/account,1090,0,831,
1.5592E+12,288,Product File List,200,OK,Thread Group 1-51,text,TRUE,,1607,1465,1,1,https://test.cranecompass.com/entity/api/_search/xm-entities?typeKey=COMPONENT-VERSION&size=10&query=%7B%22template%22%3A+%22PUBLISHED_COMPONENT_VERSIONS%22%2C+%22templateParams%22%3A+%7B%7D%7D&page=0&sort=id%2Cdesc,268,0,0,
1.5592E+12,3424,Product File Download,200,OK,Thread Group 1-51,text,TRUE,,144779,1465,1,1,https://test.cranecompass.com/entity/api/xm-entities/13616/functions/DOWNLOAD-ARTIFACT,1435,0,712,
1.5592E+12,7596,Start Execution,200,"Number of samples in transaction : 4, number of failing samples : 0",Thread Group 1-51,,TRUE,,149565,4751,1,1,null,5587,4691,2348,
1.5592E+12,2723,Login Token,200,OK,Thread Group 1-52,text,TRUE,,2015,526,1,1,https://test.cranecompass.com/uaa/oauth/token,2723,0,825,
1.5592E+12,1006,User Information,200,OK,Thread Group 1-52,text,TRUE,,1164,1295,1,1,https://test.cranecompass.com/uaa/api/account,1006,0,751,
1.5592E+12,258,Product File List,200,OK,Thread Group 1-52,text,TRUE,,1607,1465,1,1,https://test.cranecompass.com/entity/api/_search/xm-entities?typeKey=COMPONENT-VERSION&size=10&query=%7B%22template%22%3A+%22PUBLISHED_COMPONENT_VERSIONS%22%2C+%22templateParams%22%3A+%7B%7D%7D&page=0&sort=id%2Cdesc,257,0,0,
1.5592E+12,2919,Product File Download,200,OK,Thread Group 1-52,text,TRUE,,144795,1465,1,1,https://test.cranecompass.com/entity/api/xm-entities/13616/functions/DOWNLOAD-ARTIFACT,1439,0,723,
1.5592E+12,6906,Start Execution,200,"Number of samples in transaction : 4, number of failing samples : 0",Thread Group 1-52,,TRUE,,149581,4751,1,1,null,5425,4693,2299,
1.5592E+12,2606,Login Token,200,OK,Thread Group 1-53,text,TRUE,,2015,526,1,1,https://test.cranecompass.com/uaa/oauth/token,2606,0,717,
1.5592E+12,1042,User Information,200,OK,Thread Group 1-53,text,TRUE,,1164,1295,1,1,https://test.cranecompass.com/uaa/api/account,1041,0,788,
1.5592E+12,275,Product File List,200,OK,Thread Group 1-53,text,TRUE,,1607,1465,1,1,https://test.cranecompass.com/entity/api/_search/xm-entities?typeKey=COMPONENT-VERSION&size=10&query=%7B%22template%22%3A+%22PUBLISHED_COMPONENT_VERSIONS%22%2C+%22templateParams%22%3A+%7B%7D%7D&page=0&sort=id%2Cdesc,275,0,0,
1.5592E+12,3033,Product File Download,200,OK,Thread Group 1-53,text,TRUE,,144794,1465,1,1,https://test.cranecompass.com/entity/api/xm-entities/13616/functions/DOWNLOAD-ARTIFACT,1533,0,763,
1.5592E+12,6956,Start Execution,200,"Number of samples in transaction : 4, number of failing samples : 0",Thread Group 1-53,,TRUE,,149580,4751,1,1,null,5455,4693,2268,
1.5592E+12,2867,Login Token,200,OK,Thread Group 1-54,text,TRUE,,2010,526,1,1,https://test.cranecompass.com/uaa/oauth/token,2866,0,926,
1.5592E+12,984,User Information,200,OK,Thread Group 1-54,text,TRUE,,1164,1295,1,1,https://test.cranecompass.com/uaa/api/account,984,0,730,
1.5592E+12,256,Product File List,200,OK,Thread Group 1-54,text,TRUE,,1607,1465,1,1,https://test.cranecompass.com/entity/api/_search/xm-entities?typeKey=COMPONENT-VERSION&size=10&query=%7B%22template%22%3A+%22PUBLISHED_COMPONENT_VERSIONS%22%2C+%22templateParams%22%3A+%7B%7D%7D&page=0&sort=id%2Cdesc,256,0,0,
1.5592E+12,2446,Product File Download,200,OK,Thread Group 1-54,text,TRUE,,144810,1465,1,1,https://test.cranecompass.com/entity/api/xm-entities/13616/functions/DOWNLOAD-ARTIFACT,1422,0,728,
1.5592E+12,6553,Start Execution,200,"Number of samples in transaction : 4, number of failing samples : 0",Thread Group 1-54,,TRUE,,149591,4751,1,1,null,5528,4690,2384,
1.5592E+12,2598,Login Token,200,OK,Thread Group 1-55,text,TRUE,,2009,526,1,1,https://test.cranecompass.com/uaa/oauth/token,2598,0,720,
1.5592E+12,974,User Information,200,OK,Thread Group 1-55,text,TRUE,,1164,1295,1,1,https://test.cranecompass.com/uaa/api/account,974,0,718,
1.5592E+12,255,Product File List,200,OK,Thread Group 1-55,text,TRUE,,1607,1465,1,1,https://test.cranecompass.com/entity/api/_search/xm-entities?typeKey=COMPONENT-VERSION&size=10&query=%7B%22template%22%3A+%22PUBLISHED_COMPONENT_VERSIONS%22%2C+%22templateParams%22%3A+%7B%7D%7D&page=0&sort=id%2Cdesc,255,0,0,
1.5592E+12,2407,Product File Download,200,OK,Thread Group 1-55,text,TRUE,,144855,1465,1,1,https://test.cranecompass.com/entity/api/xm-entities/13616/functions/DOWNLOAD-ARTIFACT,1384,0,722,
1.5592E+12,6234,Start Execution,200,"Number of samples in transaction : 4, number of failing samples : 0",Thread Group 1-55,,TRUE,,149635,4751,1,1,null,5211,4695,2160,
1.5592E+12,2715,Login Token,200,OK,Thread Group 1-56,text,TRUE,,2013,526,1,1,https://test.cranecompass.com/uaa/oauth/token,2715,0,836,
1.5592E+12,1049,User Information,200,OK,Thread Group 1-56,text,TRUE,,1164,1295,1,1,https://test.cranecompass.com/uaa/api/account,1049,0,779,
1.5592E+12,293,Product File List,200,OK,Thread Group 1-56,text,TRUE,,1607,1465,1,1,https://test.cranecompass.com/entity/api/_search/xm-entities?typeKey=COMPONENT-VERSION&size=10&query=%7B%22template%22%3A+%22PUBLISHED_COMPONENT_VERSIONS%22%2C+%22templateParams%22%3A+%7B%7D%7D&page=0&sort=id%2Cdesc,271,0,0,
1.5592E+12,3130,Product File Download,200,OK,Thread Group 1-56,text,TRUE,,144801,1465,1,1,https://test.cranecompass.com/entity/api/xm-entities/13616/functions/DOWNLOAD-ARTIFACT,1611,0,791,
1.5592E+12,7187,Start Execution,200,"Number of samples in transaction : 4, number of failing samples : 0",Thread Group 1-56,,TRUE,,149585,4751,1,1,null,5646,4691,2406,
1.5592E+12,2647,Login Token,200,OK,Thread Group 1-57,text,TRUE,,2008,526,1,1,https://test.cranecompass.com/uaa/oauth/token,2646,0,758,
1.5592E+12,1080,User Information,200,OK,Thread Group 1-57,text,TRUE,,1164,1295,1,1,https://test.cranecompass.com/uaa/api/account,1080,0,820,
1.5592E+12,268,Product File List,200,OK,Thread Group 1-57,text,TRUE,,1607,1465,1,1,https://test.cranecompass.com/entity/api/_search/xm-entities?typeKey=COMPONENT-VERSION&size=10&query=%7B%22template%22%3A+%22PUBLISHED_COMPONENT_VERSIONS%22%2C+%22templateParams%22%3A+%7B%7D%7D&page=0&sort=id%2Cdesc,268,0,0,
1.5592E+12,3146,Product File Download,200,OK,Thread Group 1-57,text,TRUE,,144779,1465,1,1,https://test.cranecompass.com/entity/api/xm-entities/13616/functions/DOWNLOAD-ARTIFACT,1524,0,824,
1.5592E+12,7141,Start Execution,200,"Number of samples in transaction : 4, number of failing samples : 0",Thread Group 1-57,,TRUE,,149558,4751,1,1,null,5518,4690,2402,
1.5592E+12,2666,Login Token,200,OK,Thread Group 1-58,text,TRUE,,2017,526,1,1,https://test.cranecompass.com/uaa/oauth/token,2666,0,760,
1.5592E+12,963,User Information,200,OK,Thread Group 1-58,text,TRUE,,1164,1295,1,1,https://test.cranecompass.com/uaa/api/account,963,0,711,
1.5592E+12,276,Product File List,200,OK,Thread Group 1-58,text,TRUE,,1607,1465,1,1,https://test.cranecompass.com/entity/api/_search/xm-entities?typeKey=COMPONENT-VERSION&size=10&query=%7B%22template%22%3A+%22PUBLISHED_COMPONENT_VERSIONS%22%2C+%22templateParams%22%3A+%7B%7D%7D&page=0&sort=id%2Cdesc,276,0,0,
1.5592E+12,2663,Product File Download,200,OK,Thread Group 1-58,text,TRUE,,144825,1465,1,1,https://test.cranecompass.com/entity/api/xm-entities/13616/functions/DOWNLOAD-ARTIFACT,1554,0,784,
1.5592E+12,6568,Start Execution,200,"Number of samples in transaction : 4, number of failing samples : 0",Thread Group 1-58,,TRUE,,149613,4751,1,1,null,5459,4692,2255,
1.5592E+12,2594,Login Token,200,OK,Thread Group 1-59,text,TRUE,,2006,526,1,1,https://test.cranecompass.com/uaa/oauth/token,2594,0,728,
1.5592E+12,978,User Information,200,OK,Thread Group 1-59,text,TRUE,,1164,1295,1,1,https://test.cranecompass.com/uaa/api/account,977,0,723,
1.5592E+12,261,Product File List,200,OK,Thread Group 1-59,text,TRUE,,1607,1465,1,1,https://test.cranecompass.com/entity/api/_search/xm-entities?typeKey=COMPONENT-VERSION&size=10&query=%7B%22template%22%3A+%22PUBLISHED_COMPONENT_VERSIONS%22%2C+%22templateParams%22%3A+%7B%7D%7D&page=0&sort=id%2Cdesc,261,0,0,
1.5592E+12,2686,Product File Download,200,OK,Thread Group 1-59,text,TRUE,,144795,1465,1,1,https://test.cranecompass.com/entity/api/xm-entities/13616/functions/DOWNLOAD-ARTIFACT,1494,0,743,
1.5592E+12,6519,Start Execution,200,"Number of samples in transaction : 4, number of failing samples : 0",Thread Group 1-59,,TRUE,,149572,4751,1,1,null,5326,4693,2194,
1.5592E+12,2968,Login Token,200,OK,Thread Group 1-60,text,TRUE,,2015,526,1,1,https://test.cranecompass.com/uaa/oauth/token,2968,0,1036,
1.5592E+12,983,User Information,200,OK,Thread Group 1-60,text,TRUE,,1164,1295,1,1,https://test.cranecompass.com/uaa/api/account,983,0,731,
1.5592E+12,256,Product File List,200,OK,Thread Group 1-60,text,TRUE,,1607,1465,1,1,https://test.cranecompass.com/entity/api/_search/xm-entities?typeKey=COMPONENT-VERSION&size=10&query=%7B%22template%22%3A+%22PUBLISHED_COMPONENT_VERSIONS%22%2C+%22templateParams%22%3A+%7B%7D%7D&page=0&sort=id%2Cdesc,256,0,0,
1.5592E+12,2646,Product File Download,200,OK,Thread Group 1-60,text,TRUE,,144794,1465,1,1,https://test.cranecompass.com/entity/api/xm-entities/13616/functions/DOWNLOAD-ARTIFACT,1421,0,723,
1.5592E+12,6853,Start Execution,200,"Number of samples in transaction : 4, number of failing samples : 0",Thread Group 1-60,,TRUE,,149580,4751,1,1,null,5628,4694,2490,
1.5592E+12,2593,Login Token,200,OK,Thread Group 1-61,text,TRUE,,2013,526,1,1,https://test.cranecompass.com/uaa/oauth/token,2593,0,729,
1.5592E+12,988,User Information,200,OK,Thread Group 1-61,text,TRUE,,1164,1295,1,1,https://test.cranecompass.com/uaa/api/account,988,0,737,
1.5592E+12,258,Product File List,200,OK,Thread Group 1-61,text,TRUE,,1607,1465,1,1,https://test.cranecompass.com/entity/api/_search/xm-entities?typeKey=COMPONENT-VERSION&size=10&query=%7B%22template%22%3A+%22PUBLISHED_COMPONENT_VERSIONS%22%2C+%22templateParams%22%3A+%7B%7D%7D&page=0&sort=id%2Cdesc,258,0,0,
1.5592E+12,2651,Product File Download,200,OK,Thread Group 1-61,text,TRUE,,144787,1465,1,1,https://test.cranecompass.com/entity/api/xm-entities/13616/functions/DOWNLOAD-ARTIFACT,1539,0,726,
1.5592E+12,6490,Start Execution,200,"Number of samples in transaction : 4, number of failing samples : 0",Thread Group 1-61,,TRUE,,149571,4751,1,1,null,5378,4695,2192,
1.5592E+12,2870,Login Token,200,OK,Thread Group 1-62,text,TRUE,,2010,526,1,1,https://test.cranecompass.com/uaa/oauth/token,2870,0,966,
1.5592E+12,982,User Information,200,OK,Thread Group 1-62,text,TRUE,,1164,1295,1,1,https://test.cranecompass.com/uaa/api/account,982,0,727,
1.5592E+12,257,Product File List,200,OK,Thread Group 1-62,text,TRUE,,1607,1465,1,1,https://test.cranecompass.com/entity/api/_search/xm-entities?typeKey=COMPONENT-VERSION&size=10&query=%7B%22template%22%3A+%22PUBLISHED_COMPONENT_VERSIONS%22%2C+%22templateParams%22%3A+%7B%7D%7D&page=0&sort=id%2Cdesc,257,0,0,
1.5592E+12,4884,Product File Download,200,OK,Thread Group 1-62,text,TRUE,,144803,1465,1,1,https://test.cranecompass.com/entity/api/xm-entities/13616/functions/DOWNLOAD-ARTIFACT,2385,0,1620,
1.5592E+12,8993,Start Execution,200,"Number of samples in transaction : 4, number of failing samples : 0",Thread Group 1-62,,TRUE,,149584,4751,1,1,null,6494,4694,3313,
1.5592E+12,2641,Login Token,200,OK,Thread Group 1-63,text,TRUE,,2011,526,1,1,https://test.cranecompass.com/uaa/oauth/token,2641,0,731,
1.5592E+12,968,User Information,200,OK,Thread Group 1-63,text,TRUE,,1164,1295,1,1,https://test.cranecompass.com/uaa/api/account,968,0,716,
1.5592E+12,267,Product File List,200,OK,Thread Group 1-63,text,TRUE,,1607,1465,1,1,https://test.cranecompass.com/entity/api/_search/xm-entities?typeKey=COMPONENT-VERSION&size=10&query=%7B%22template%22%3A+%22PUBLISHED_COMPONENT_VERSIONS%22%2C+%22templateParams%22%3A+%7B%7D%7D&page=0&sort=id%2Cdesc,267,0,0,
1.5592E+12,3685,Product File Download,200,OK,Thread Group 1-63,text,TRUE,,144779,1465,1,1,https://test.cranecompass.com/entity/api/xm-entities/13616/functions/DOWNLOAD-ARTIFACT,1606,0,756,
1.5592E+12,7561,Start Execution,200,"Number of samples in transaction : 4, number of failing samples : 0",Thread Group 1-63,,TRUE,,149561,4751,1,1,null,5482,4692,2203,
1.5592E+12,2758,Login Token,200,OK,Thread Group 1-64,text,TRUE,,2013,526,1,1,https://test.cranecompass.com/uaa/oauth/token,2758,0,830,
1.5592E+12,1100,User Information,200,OK,Thread Group 1-64,text,TRUE,,1164,1295,1,1,https://test.cranecompass.com/uaa/api/account,1100,0,830,
1.5592E+12,279,Product File List,200,OK,Thread Group 1-64,text,TRUE,,1607,1465,1,1,https://test.cranecompass.com/entity/api/_search/xm-entities?typeKey=COMPONENT-VERSION&size=10&query=%7B%22template%22%3A+%22PUBLISHED_COMPONENT_VERSIONS%22%2C+%22templateParams%22%3A+%7B%7D%7D&page=0&sort=id%2Cdesc,279,0,0,
1.5592E+12,3544,Product File Download,200,OK,Thread Group 1-64,text,TRUE,,144779,1465,1,1,https://test.cranecompass.com/entity/api/xm-entities/13616/functions/DOWNLOAD-ARTIFACT,1655,0,853,
1.5592E+12,7681,Start Execution,200,"Number of samples in transaction : 4, number of failing samples : 0",Thread Group 1-64,,TRUE,,149563,4751,1,1,null,5792,4690,2513,
1.5592E+12,2600,Login Token,200,OK,Thread Group 1-65,text,TRUE,,2005,526,1,1,https://test.cranecompass.com/uaa/oauth/token,2600,0,722,
1.5592E+12,989,User Information,200,OK,Thread Group 1-65,text,TRUE,,1164,1295,1,1,https://test.cranecompass.com/uaa/api/account,988,0,734,
1.5592E+12,255,Product File List,200,OK,Thread Group 1-65,text,TRUE,,1607,1465,1,1,https://test.cranecompass.com/entity/api/_search/xm-entities?typeKey=COMPONENT-VERSION&size=10&query=%7B%22template%22%3A+%22PUBLISHED_COMPONENT_VERSIONS%22%2C+%22templateParams%22%3A+%7B%7D%7D&page=0&sort=id%2Cdesc,255,0,0,
1.5592E+12,3637,Product File Download,200,OK,Thread Group 1-65,text,TRUE,,144811,1465,1,1,https://test.cranecompass.com/entity/api/xm-entities/13616/functions/DOWNLOAD-ARTIFACT,1447,0,732,
1.5592E+12,7481,Start Execution,200,"Number of samples in transaction : 4, number of failing samples : 0",Thread Group 1-65,,TRUE,,149587,4751,1,1,null,5290,4691,2188,
1.5592E+12,2743,Login Token,200,OK,Thread Group 1-66,text,TRUE,,2014,526,1,1,https://test.cranecompass.com/uaa/oauth/token,2742,0,798,
1.5592E+12,972,User Information,200,OK,Thread Group 1-66,text,TRUE,,1164,1295,1,1,https://test.cranecompass.com/uaa/api/account,972,0,719,
1.5592E+12,254,Product File List,200,OK,Thread Group 1-66,text,TRUE,,1607,1465,1,1,https://test.cranecompass.com/entity/api/_search/xm-entities?typeKey=COMPONENT-VERSION&size=10&query=%7B%22template%22%3A+%22PUBLISHED_COMPONENT_VERSIONS%22%2C+%22templateParams%22%3A+%7B%7D%7D&page=0&sort=id%2Cdesc,254,0,0,
1.5592E+12,3711,Product File Download,200,OK,Thread Group 1-66,text,TRUE,,144787,1465,1,1,https://test.cranecompass.com/entity/api/xm-entities/13616/functions/DOWNLOAD-ARTIFACT,1701,0,811,
1.5592E+12,7680,Start Execution,200,"Number of samples in transaction : 4, number of failing samples : 0",Thread Group 1-66,,TRUE,,149572,4751,1,1,null,5669,4693,2328,
1.5592E+12,2693,Login Token,200,OK,Thread Group 1-67,text,TRUE,,2011,526,1,1,https://test.cranecompass.com/uaa/oauth/token,2692,0,814,
1.5592E+12,990,User Information,200,OK,Thread Group 1-67,text,TRUE,,1164,1295,1,1,https://test.cranecompass.com/uaa/api/account,990,0,735,
1.5592E+12,258,Product File List,200,OK,Thread Group 1-67,text,TRUE,,1607,1465,1,1,https://test.cranecompass.com/entity/api/_search/xm-entities?typeKey=COMPONENT-VERSION&size=10&query=%7B%22template%22%3A+%22PUBLISHED_COMPONENT_VERSIONS%22%2C+%22templateParams%22%3A+%7B%7D%7D&page=0&sort=id%2Cdesc,258,0,0,
1.5592E+12,3701,Product File Download,200,OK,Thread Group 1-67,text,TRUE,,144786,1465,1,1,https://test.cranecompass.com/entity/api/xm-entities/13616/functions/DOWNLOAD-ARTIFACT,1661,0,801,
1.5592E+12,7642,Start Execution,200,"Number of samples in transaction : 4, number of failing samples : 0",Thread Group 1-67,,TRUE,,149568,4751,1,1,null,5601,4691,2350,
1.5592E+12,2795,Login Token,200,OK,Thread Group 1-68,text,TRUE,,2012,526,1,1,https://test.cranecompass.com/uaa/oauth/token,2795,0,942,
1.5592E+12,970,User Information,200,OK,Thread Group 1-68,text,TRUE,,1164,1295,1,1,https://test.cranecompass.com/uaa/api/account,970,0,717,
1.5592E+12,256,Product File List,200,OK,Thread Group 1-68,text,TRUE,,1607,1465,1,1,https://test.cranecompass.com/entity/api/_search/xm-entities?typeKey=COMPONENT-VERSION&size=10&query=%7B%22template%22%3A+%22PUBLISHED_COMPONENT_VERSIONS%22%2C+%22templateParams%22%3A+%7B%7D%7D&page=0&sort=id%2Cdesc,256,0,0,
1.5592E+12,3233,Product File Download,200,OK,Thread Group 1-68,text,TRUE,,145017,1465,1,1,https://test.cranecompass.com/entity/api/xm-entities/13616/functions/DOWNLOAD-ARTIFACT,1415,0,752,
1.5592E+12,7254,Start Execution,200,"Number of samples in transaction : 4, number of failing samples : 0",Thread Group 1-68,,TRUE,,149800,4751,1,1,null,5436,4693,2411,
1.5592E+12,2701,Login Token,200,OK,Thread Group 1-69,text,TRUE,,2013,526,1,1,https://test.cranecompass.com/uaa/oauth/token,2700,0,781,
1.5592E+12,1069,User Information,200,OK,Thread Group 1-69,text,TRUE,,1164,1295,1,1,https://test.cranecompass.com/uaa/api/account,1068,0,809,
1.5592E+12,309,Product File List,200,OK,Thread Group 1-69,text,TRUE,,1607,1465,1,1,https://test.cranecompass.com/entity/api/_search/xm-entities?typeKey=COMPONENT-VERSION&size=10&query=%7B%22template%22%3A+%22PUBLISHED_COMPONENT_VERSIONS%22%2C+%22templateParams%22%3A+%7B%7D%7D&page=0&sort=id%2Cdesc,309,0,0,
1.5592E+12,4705,Product File Download,200,OK,Thread Group 1-69,text,TRUE,,144951,1465,1,1,https://test.cranecompass.com/entity/api/xm-entities/13616/functions/DOWNLOAD-ARTIFACT,1875,0,835,
1.5592E+12,8784,Start Execution,200,"Number of samples in transaction : 4, number of failing samples : 0",Thread Group 1-69,,TRUE,,149735,4751,1,1,null,5952,4691,2425,
1.5592E+12,2747,Login Token,200,OK,Thread Group 1-70,text,TRUE,,2015,526,1,1,https://test.cranecompass.com/uaa/oauth/token,2746,0,821,
1.5592E+12,983,User Information,200,OK,Thread Group 1-70,text,TRUE,,1164,1295,1,1,https://test.cranecompass.com/uaa/api/account,983,0,729,
1.5592E+12,257,Product File List,200,OK,Thread Group 1-70,text,TRUE,,1607,1465,1,1,https://test.cranecompass.com/entity/api/_search/xm-entities?typeKey=COMPONENT-VERSION&size=10&query=%7B%22template%22%3A+%22PUBLISHED_COMPONENT_VERSIONS%22%2C+%22templateParams%22%3A+%7B%7D%7D&page=0&sort=id%2Cdesc,257,0,0,
1.5592E+12,3755,Product File Download,200,OK,Thread Group 1-70,text,TRUE,,144987,1465,1,1,https://test.cranecompass.com/entity/api/xm-entities/13616/functions/DOWNLOAD-ARTIFACT,1435,0,825,
1.5592E+12,7742,Start Execution,200,"Number of samples in transaction : 4, number of failing samples : 0",Thread Group 1-70,,TRUE,,149773,4751,1,1,null,5421,4691,2375,
1.55921E+12,2923,Login Token,200,OK,Thread Group 1-71,text,TRUE,,2014,526,1,1,https://test.cranecompass.com/uaa/oauth/token,2923,0,981,
1.55921E+12,2138,User Information,200,OK,Thread Group 1-71,text,TRUE,,1164,1295,1,1,https://test.cranecompass.com/uaa/api/account,2137,0,808,
1.55921E+12,1269,Product File List,200,OK,Thread Group 1-71,text,TRUE,,1607,1465,1,1,https://test.cranecompass.com/entity/api/_search/xm-entities?typeKey=COMPONENT-VERSION&size=10&query=%7B%22template%22%3A+%22PUBLISHED_COMPONENT_VERSIONS%22%2C+%22templateParams%22%3A+%7B%7D%7D&page=0&sort=id%2Cdesc,1210,0,939,
1.55921E+12,4705,Product File Download,200,OK,Thread Group 1-71,text,TRUE,,145050,1465,1,1,https://test.cranecompass.com/entity/api/xm-entities/13616/functions/DOWNLOAD-ARTIFACT,1614,0,884,
1.55921E+12,11035,Start Execution,200,"Number of samples in transaction : 4, number of failing samples : 0",Thread Group 1-71,,TRUE,,149835,4751,1,1,null,7884,4691,3612,
1.55921E+12,2959,Login Token,200,OK,Thread Group 1-72,text,TRUE,,2013,526,1,1,https://test.cranecompass.com/uaa/oauth/token,2930,0,980,
1.55921E+12,1160,User Information,200,OK,Thread Group 1-72,text,TRUE,,1164,1295,1,1,https://test.cranecompass.com/uaa/api/account,1160,0,889,
1.55921E+12,290,Product File List,200,OK,Thread Group 1-72,text,TRUE,,1607,1465,1,1,https://test.cranecompass.com/entity/api/_search/xm-entities?typeKey=COMPONENT-VERSION&size=10&query=%7B%22template%22%3A+%22PUBLISHED_COMPONENT_VERSIONS%22%2C+%22templateParams%22%3A+%7B%7D%7D&page=0&sort=id%2Cdesc,290,0,0,
1.55921E+12,4202,Product File Download,200,OK,Thread Group 1-72,text,TRUE,,144818,1465,1,1,https://test.cranecompass.com/entity/api/xm-entities/13616/functions/DOWNLOAD-ARTIFACT,1585,0,843,
1.55921E+12,8611,Start Execution,200,"Number of samples in transaction : 4, number of failing samples : 0",Thread Group 1-72,,TRUE,,149602,4751,1,1,null,5965,4692,2712,
1.55921E+12,2731,Login Token,200,OK,Thread Group 1-73,text,TRUE,,2010,526,1,1,https://test.cranecompass.com/uaa/oauth/token,2712,0,812,
1.55921E+12,1090,User Information,200,OK,Thread Group 1-73,text,TRUE,,1164,1295,1,1,https://test.cranecompass.com/uaa/api/account,1090,0,809,
1.55921E+12,260,Product File List,200,OK,Thread Group 1-73,text,TRUE,,1607,1465,1,1,https://test.cranecompass.com/entity/api/_search/xm-entities?typeKey=COMPONENT-VERSION&size=10&query=%7B%22template%22%3A+%22PUBLISHED_COMPONENT_VERSIONS%22%2C+%22templateParams%22%3A+%7B%7D%7D&page=0&sort=id%2Cdesc,260,0,0,
1.55921E+12,3367,Product File Download,200,OK,Thread Group 1-73,text,TRUE,,144808,1465,1,1,https://test.cranecompass.com/entity/api/xm-entities/13616/functions/DOWNLOAD-ARTIFACT,1483,0,726,
1.55921E+12,7448,Start Execution,200,"Number of samples in transaction : 4, number of failing samples : 0",Thread Group 1-73,,TRUE,,149589,4751,1,1,null,5545,4692,2347,
1.55921E+12,2673,Login Token,200,OK,Thread Group 1-74,text,TRUE,,2011,526,1,1,https://test.cranecompass.com/uaa/oauth/token,2672,0,766,
1.55921E+12,985,User Information,200,OK,Thread Group 1-74,text,TRUE,,1164,1295,1,1,https://test.cranecompass.com/uaa/api/account,984,0,730,
1.55921E+12,259,Product File List,200,OK,Thread Group 1-74,text,TRUE,,1607,1465,1,1,https://test.cranecompass.com/entity/api/_search/xm-entities?typeKey=COMPONENT-VERSION&size=10&query=%7B%22template%22%3A+%22PUBLISHED_COMPONENT_VERSIONS%22%2C+%22templateParams%22%3A+%7B%7D%7D&page=0&sort=id%2Cdesc,259,0,0,
1.55921E+12,3312,Product File Download,200,OK,Thread Group 1-74,text,TRUE,,145120,1465,1,1,https://test.cranecompass.com/entity/api/xm-entities/13616/functions/DOWNLOAD-ARTIFACT,1435,0,731,
1.55921E+12,7229,Start Execution,200,"Number of samples in transaction : 4, number of failing samples : 0",Thread Group 1-74,,TRUE,,149902,4751,1,1,null,5350,4694,2227,
1.55921E+12,2692,Login Token,200,OK,Thread Group 1-75,text,TRUE,,2012,526,1,1,https://test.cranecompass.com/uaa/oauth/token,2692,0,799,
1.55921E+12,1090,User Information,200,OK,Thread Group 1-75,text,TRUE,,1164,1295,1,1,https://test.cranecompass.com/uaa/api/account,1090,0,820,
1.55921E+12,270,Product File List,200,OK,Thread Group 1-75,text,TRUE,,1607,1465,1,1,https://test.cranecompass.com/entity/api/_search/xm-entities?typeKey=COMPONENT-VERSION&size=10&query=%7B%22template%22%3A+%22PUBLISHED_COMPONENT_VERSIONS%22%2C+%22templateParams%22%3A+%7B%7D%7D&page=0&sort=id%2Cdesc,270,0,0,
1.55921E+12,3398,Product File Download,200,OK,Thread Group 1-75,text,TRUE,,144990,1465,1,1,https://test.cranecompass.com/entity/api/xm-entities/13616/functions/DOWNLOAD-ARTIFACT,1413,0,718,
1.55921E+12,7450,Start Execution,200,"Number of samples in transaction : 4, number of failing samples : 0",Thread Group 1-75,,TRUE,,149773,4751,1,1,null,5465,4691,2337,
1.55921E+12,2592,Login Token,200,OK,Thread Group 1-76,text,TRUE,,2010,526,1,1,https://test.cranecompass.com/uaa/oauth/token,2592,0,731,
1.55921E+12,982,User Information,200,OK,Thread Group 1-76,text,TRUE,,1164,1295,1,1,https://test.cranecompass.com/uaa/api/account,982,0,727,
1.55921E+12,258,Product File List,200,OK,Thread Group 1-76,text,TRUE,,1607,1465,1,1,https://test.cranecompass.com/entity/api/_search/xm-entities?typeKey=COMPONENT-VERSION&size=10&query=%7B%22template%22%3A+%22PUBLISHED_COMPONENT_VERSIONS%22%2C+%22templateParams%22%3A+%7B%7D%7D&page=0&sort=id%2Cdesc,257,0,0,
1.55921E+12,3370,Product File Download,200,OK,Thread Group 1-76,text,TRUE,,145001,1465,1,1,https://test.cranecompass.com/entity/api/xm-entities/13616/functions/DOWNLOAD-ARTIFACT,1402,0,727,
1.55921E+12,7202,Start Execution,200,"Number of samples in transaction : 4, number of failing samples : 0",Thread Group 1-76,,TRUE,,149782,4751,1,1,null,5233,4693,2185,
1.55921E+12,2677,Login Token,200,OK,Thread Group 1-77,text,TRUE,,2008,526,1,1,https://test.cranecompass.com/uaa/oauth/token,2677,0,720,
1.55921E+12,969,User Information,200,OK,Thread Group 1-77,text,TRUE,,1164,1295,1,1,https://test.cranecompass.com/uaa/api/account,969,0,717,
1.55921E+12,258,Product File List,200,OK,Thread Group 1-77,text,TRUE,,1607,1465,1,1,https://test.cranecompass.com/entity/api/_search/xm-entities?typeKey=COMPONENT-VERSION&size=10&query=%7B%22template%22%3A+%22PUBLISHED_COMPONENT_VERSIONS%22%2C+%22templateParams%22%3A+%7B%7D%7D&page=0&sort=id%2Cdesc,258,0,0,
1.55921E+12,3215,Product File Download,200,OK,Thread Group 1-77,text,TRUE,,144999,1465,1,1,https://test.cranecompass.com/entity/api/xm-entities/13616/functions/DOWNLOAD-ARTIFACT,1392,0,724,
1.55921E+12,7119,Start Execution,200,"Number of samples in transaction : 4, number of failing samples : 0",Thread Group 1-77,,TRUE,,149778,4751,1,1,null,5296,4693,2161,
1.55921E+12,2836,Login Token,200,OK,Thread Group 1-78,text,TRUE,,2009,526,1,1,https://test.cranecompass.com/uaa/oauth/token,2836,0,907,
1.55921E+12,978,User Information,200,OK,Thread Group 1-78,text,TRUE,,1164,1295,1,1,https://test.cranecompass.com/uaa/api/account,978,0,725,
1.55921E+12,254,Product File List,200,OK,Thread Group 1-78,text,TRUE,,1607,1465,1,1,https://test.cranecompass.com/entity/api/_search/xm-entities?typeKey=COMPONENT-VERSION&size=10&query=%7B%22template%22%3A+%22PUBLISHED_COMPONENT_VERSIONS%22%2C+%22templateParams%22%3A+%7B%7D%7D&page=0&sort=id%2Cdesc,254,0,0,
1.55921E+12,3392,Product File Download,200,OK,Thread Group 1-78,text,TRUE,,144807,1465,1,1,https://test.cranecompass.com/entity/api/xm-entities/13616/functions/DOWNLOAD-ARTIFACT,1528,0,719,
1.55921E+12,7460,Start Execution,200,"Number of samples in transaction : 4, number of failing samples : 0",Thread Group 1-78,,TRUE,,149587,4751,1,1,null,5596,4692,2351,
1.55921E+12,2664,Login Token,200,OK,Thread Group 1-79,text,TRUE,,2014,526,1,1,https://test.cranecompass.com/uaa/oauth/token,2664,0,734,
1.55921E+12,982,User Information,200,OK,Thread Group 1-79,text,TRUE,,1164,1295,1,1,https://test.cranecompass.com/uaa/api/account,982,0,727,
1.55921E+12,255,Product File List,200,OK,Thread Group 1-79,text,TRUE,,1607,1465,1,1,https://test.cranecompass.com/entity/api/_search/xm-entities?typeKey=COMPONENT-VERSION&size=10&query=%7B%22template%22%3A+%22PUBLISHED_COMPONENT_VERSIONS%22%2C+%22templateParams%22%3A+%7B%7D%7D&page=0&sort=id%2Cdesc,255,0,0,
1.55921E+12,3497,Product File Download,200,OK,Thread Group 1-79,text,TRUE,,144804,1465,1,1,https://test.cranecompass.com/entity/api/xm-entities/13616/functions/DOWNLOAD-ARTIFACT,1403,0,728,
1.55921E+12,7398,Start Execution,200,"Number of samples in transaction : 4, number of failing samples : 0",Thread Group 1-79,,TRUE,,149589,4751,1,1,null,5304,4693,2189,
1.55921E+12,2900,Login Token,200,OK,Thread Group 1-80,text,TRUE,,2012,526,1,1,https://test.cranecompass.com/uaa/oauth/token,2900,0,1006,
1.55921E+12,984,User Information,200,OK,Thread Group 1-80,text,TRUE,,1164,1295,1,1,https://test.cranecompass.com/uaa/api/account,984,0,729,
1.55921E+12,256,Product File List,200,OK,Thread Group 1-80,text,TRUE,,1607,1465,1,1,https://test.cranecompass.com/entity/api/_search/xm-entities?typeKey=COMPONENT-VERSION&size=10&query=%7B%22template%22%3A+%22PUBLISHED_COMPONENT_VERSIONS%22%2C+%22templateParams%22%3A+%7B%7D%7D&page=0&sort=id%2Cdesc,256,0,0,
1.55921E+12,3378,Product File Download,200,OK,Thread Group 1-80,text,TRUE,,144928,1465,1,1,https://test.cranecompass.com/entity/api/xm-entities/13616/functions/DOWNLOAD-ARTIFACT,1400,0,729,
1.55921E+12,7518,Start Execution,200,"Number of samples in transaction : 4, number of failing samples : 0",Thread Group 1-80,,TRUE,,149711,4751,1,1,null,5540,4691,2464,
1.55921E+12,2600,Login Token,200,OK,Thread Group 1-81,text,TRUE,,2013,526,1,1,https://test.cranecompass.com/uaa/oauth/token,2600,0,733,
1.55921E+12,993,User Information,200,OK,Thread Group 1-81,text,TRUE,,1164,1295,1,1,https://test.cranecompass.com/uaa/api/account,993,0,739,
1.55921E+12,259,Product File List,200,OK,Thread Group 1-81,text,TRUE,,1613,1465,1,1,https://test.cranecompass.com/entity/api/_search/xm-entities?typeKey=COMPONENT-VERSION&size=10&query=%7B%22template%22%3A+%22PUBLISHED_COMPONENT_VERSIONS%22%2C+%22templateParams%22%3A+%7B%7D%7D&page=0&sort=id%2Cdesc,259,0,0,
1.55921E+12,3429,Product File Download,200,OK,Thread Group 1-81,text,TRUE,,144936,1465,1,1,https://test.cranecompass.com/entity/api/xm-entities/13616/functions/DOWNLOAD-ARTIFACT,1508,0,743,
1.55921E+12,7281,Start Execution,200,"Number of samples in transaction : 4, number of failing samples : 0",Thread Group 1-81,,TRUE,,149726,4751,1,1,null,5360,4693,2215,
1.55921E+12,2751,Login Token,200,OK,Thread Group 1-82,text,TRUE,,2010,526,1,1,https://test.cranecompass.com/uaa/oauth/token,2751,0,856,
1.55921E+12,976,User Information,200,OK,Thread Group 1-82,text,TRUE,,1164,1295,1,1,https://test.cranecompass.com/uaa/api/account,976,0,720,
1.55921E+12,257,Product File List,200,OK,Thread Group 1-82,text,TRUE,,1607,1465,1,1,https://test.cranecompass.com/entity/api/_search/xm-entities?typeKey=COMPONENT-VERSION&size=10&query=%7B%22template%22%3A+%22PUBLISHED_COMPONENT_VERSIONS%22%2C+%22templateParams%22%3A+%7B%7D%7D&page=0&sort=id%2Cdesc,257,0,0,
1.55921E+12,3390,Product File Download,200,OK,Thread Group 1-82,text,TRUE,,144983,1465,1,1,https://test.cranecompass.com/entity/api/xm-entities/13616/functions/DOWNLOAD-ARTIFACT,1409,0,730,
1.55921E+12,7374,Start Execution,200,"Number of samples in transaction : 4, number of failing samples : 0",Thread Group 1-82,,TRUE,,149764,4751,1,1,null,5393,4693,2306,
1.55921E+12,2590,Login Token,200,OK,Thread Group 1-83,text,TRUE,,2013,526,1,1,https://test.cranecompass.com/uaa/oauth/token,2589,0,733,
1.55921E+12,992,User Information,200,OK,Thread Group 1-83,text,TRUE,,1164,1295,1,1,https://test.cranecompass.com/uaa/api/account,992,0,728,
1.55921E+12,257,Product File List,200,OK,Thread Group 1-83,text,TRUE,,1607,1465,1,1,https://test.cranecompass.com/entity/api/_search/xm-entities?typeKey=COMPONENT-VERSION&size=10&query=%7B%22template%22%3A+%22PUBLISHED_COMPONENT_VERSIONS%22%2C+%22templateParams%22%3A+%7B%7D%7D&page=0&sort=id%2Cdesc,257,0,0,
1.55921E+12,3402,Product File Download,200,OK,Thread Group 1-83,text,TRUE,,145045,1465,1,1,https://test.cranecompass.com/entity/api/xm-entities/13616/functions/DOWNLOAD-ARTIFACT,1390,0,728,
1.55921E+12,7241,Start Execution,200,"Number of samples in transaction : 4, number of failing samples : 0",Thread Group 1-83,,TRUE,,149829,4751,1,1,null,5228,4691,2189,
1.55921E+12,2681,Login Token,200,OK,Thread Group 1-84,text,TRUE,,2009,526,1,1,https://test.cranecompass.com/uaa/oauth/token,2681,0,779,
1.55921E+12,1009,User Information,200,OK,Thread Group 1-84,text,TRUE,,1164,1295,1,1,https://test.cranecompass.com/uaa/api/account,1009,0,754,
1.55921E+12,256,Product File List,200,OK,Thread Group 1-84,text,TRUE,,1607,1465,1,1,https://test.cranecompass.com/entity/api/_search/xm-entities?typeKey=COMPONENT-VERSION&size=10&query=%7B%22template%22%3A+%22PUBLISHED_COMPONENT_VERSIONS%22%2C+%22templateParams%22%3A+%7B%7D%7D&page=0&sort=id%2Cdesc,256,0,0,
1.55921E+12,3565,Product File Download,200,OK,Thread Group 1-84,text,TRUE,,144827,1465,1,1,https://test.cranecompass.com/entity/api/xm-entities/13616/functions/DOWNLOAD-ARTIFACT,1472,0,728,
1.55921E+12,7511,Start Execution,200,"Number of samples in transaction : 4, number of failing samples : 0",Thread Group 1-84,,TRUE,,149607,4751,1,1,null,5418,4694,2261,
1.55921E+12,2710,Login Token,200,OK,Thread Group 1-85,text,TRUE,,2013,526,1,1,https://test.cranecompass.com/uaa/oauth/token,2709,0,818,
1.55921E+12,966,User Information,200,OK,Thread Group 1-85,text,TRUE,,1164,1295,1,1,https://test.cranecompass.com/uaa/api/account,966,0,714,
1.55921E+12,253,Product File List,200,OK,Thread Group 1-85,text,TRUE,,1607,1465,1,1,https://test.cranecompass.com/entity/api/_search/xm-entities?typeKey=COMPONENT-VERSION&size=10&query=%7B%22template%22%3A+%22PUBLISHED_COMPONENT_VERSIONS%22%2C+%22templateParams%22%3A+%7B%7D%7D&page=0&sort=id%2Cdesc,253,0,0,
1.55921E+12,3505,Product File Download,200,OK,Thread Group 1-85,text,TRUE,,144787,1465,1,1,https://test.cranecompass.com/entity/api/xm-entities/13616/functions/DOWNLOAD-ARTIFACT,1651,0,721,
1.55921E+12,7434,Start Execution,200,"Number of samples in transaction : 4, number of failing samples : 0",Thread Group 1-85,,TRUE,,149571,4751,1,1,null,5579,4692,2253,
1.55921E+12,2706,Login Token,200,OK,Thread Group 1-86,text,TRUE,,2025,526,1,1,https://test.cranecompass.com/uaa/oauth/token,2706,0,852,
1.55921E+12,980,User Information,200,OK,Thread Group 1-86,text,TRUE,,1164,1295,1,1,https://test.cranecompass.com/uaa/api/account,980,0,723,
1.55921E+12,254,Product File List,200,OK,Thread Group 1-86,text,TRUE,,1607,1465,1,1,https://test.cranecompass.com/entity/api/_search/xm-entities?typeKey=COMPONENT-VERSION&size=10&query=%7B%22template%22%3A+%22PUBLISHED_COMPONENT_VERSIONS%22%2C+%22templateParams%22%3A+%7B%7D%7D&page=0&sort=id%2Cdesc,254,0,0,
1.55921E+12,3244,Product File Download,200,OK,Thread Group 1-86,text,TRUE,,144945,1465,1,1,https://test.cranecompass.com/entity/api/xm-entities/13616/functions/DOWNLOAD-ARTIFACT,1365,0,733,
1.55921E+12,7184,Start Execution,200,"Number of samples in transaction : 4, number of failing samples : 0",Thread Group 1-86,,TRUE,,149741,4751,1,1,null,5305,4694,2308,
1.55921E+12,2611,Login Token,200,OK,Thread Group 1-87,text,TRUE,,2016,526,1,1,https://test.cranecompass.com/uaa/oauth/token,2611,0,725,
1.55921E+12,978,User Information,200,OK,Thread Group 1-87,text,TRUE,,1164,1295,1,1,https://test.cranecompass.com/uaa/api/account,978,0,722,
1.55921E+12,255,Product File List,200,OK,Thread Group 1-87,text,TRUE,,1607,1465,1,1,https://test.cranecompass.com/entity/api/_search/xm-entities?typeKey=COMPONENT-VERSION&size=10&query=%7B%22template%22%3A+%22PUBLISHED_COMPONENT_VERSIONS%22%2C+%22templateParams%22%3A+%7B%7D%7D&page=0&sort=id%2Cdesc,255,0,0,
1.55921E+12,3158,Product File Download,200,OK,Thread Group 1-87,text,TRUE,,144963,1465,1,1,https://test.cranecompass.com/entity/api/xm-entities/13616/functions/DOWNLOAD-ARTIFACT,1414,0,739,
1.55921E+12,7002,Start Execution,200,"Number of samples in transaction : 4, number of failing samples : 0",Thread Group 1-87,,TRUE,,149750,4751,1,1,null,5258,4694,2186,
1.55921E+12,2649,Login Token,200,OK,Thread Group 1-88,text,TRUE,,2012,526,1,1,https://test.cranecompass.com/uaa/oauth/token,2649,0,763,
1.55921E+12,981,User Information,200,OK,Thread Group 1-88,text,TRUE,,1164,1295,1,1,https://test.cranecompass.com/uaa/api/account,981,0,726,
1.55921E+12,257,Product File List,200,OK,Thread Group 1-88,text,TRUE,,1607,1465,1,1,https://test.cranecompass.com/entity/api/_search/xm-entities?typeKey=COMPONENT-VERSION&size=10&query=%7B%22template%22%3A+%22PUBLISHED_COMPONENT_VERSIONS%22%2C+%22templateParams%22%3A+%7B%7D%7D&page=0&sort=id%2Cdesc,257,0,0,
1.55921E+12,3290,Product File Download,200,OK,Thread Group 1-88,text,TRUE,,144796,1465,1,1,https://test.cranecompass.com/entity/api/xm-entities/13616/functions/DOWNLOAD-ARTIFACT,1440,0,724,
1.55921E+12,7177,Start Execution,200,"Number of samples in transaction : 4, number of failing samples : 0",Thread Group 1-88,,TRUE,,149579,4751,1,1,null,5327,4691,2213,
1.55921E+12,2612,Login Token,200,OK,Thread Group 1-89,text,TRUE,,2014,526,1,1,https://test.cranecompass.com/uaa/oauth/token,2611,0,726,
1.55921E+12,993,User Information,200,OK,Thread Group 1-89,text,TRUE,,1164,1295,1,1,https://test.cranecompass.com/uaa/api/account,993,0,734,
1.55921E+12,256,Product File List,200,OK,Thread Group 1-89,text,TRUE,,1607,1465,1,1,https://test.cranecompass.com/entity/api/_search/xm-entities?typeKey=COMPONENT-VERSION&size=10&query=%7B%22template%22%3A+%22PUBLISHED_COMPONENT_VERSIONS%22%2C+%22templateParams%22%3A+%7B%7D%7D&page=0&sort=id%2Cdesc,255,0,0,
1.55921E+12,3287,Product File Download,200,OK,Thread Group 1-89,text,TRUE,,144802,1465,1,1,https://test.cranecompass.com/entity/api/xm-entities/13616/functions/DOWNLOAD-ARTIFACT,1437,0,721,
1.55921E+12,7148,Start Execution,200,"Number of samples in transaction : 4, number of failing samples : 0",Thread Group 1-89,,TRUE,,149587,4751,1,1,null,5296,4691,2181,
1.55921E+12,2651,Login Token,200,OK,Thread Group 1-90,text,TRUE,,2009,526,1,1,https://test.cranecompass.com/uaa/oauth/token,2651,0,741,
1.55921E+12,984,User Information,200,OK,Thread Group 1-90,text,TRUE,,1164,1295,1,1,https://test.cranecompass.com/uaa/api/account,984,0,729,
1.55921E+12,271,Product File List,200,OK,Thread Group 1-90,text,TRUE,,1607,1465,1,1,https://test.cranecompass.com/entity/api/_search/xm-entities?typeKey=COMPONENT-VERSION&size=10&query=%7B%22template%22%3A+%22PUBLISHED_COMPONENT_VERSIONS%22%2C+%22templateParams%22%3A+%7B%7D%7D&page=0&sort=id%2Cdesc,270,0,0,
1.55921E+12,3419,Product File Download,200,OK,Thread Group 1-90,text,TRUE,,145039,1465,1,1,https://test.cranecompass.com/entity/api/xm-entities/13616/functions/DOWNLOAD-ARTIFACT,1357,0,719,
1.55921E+12,7325,Start Execution,200,"Number of samples in transaction : 4, number of failing samples : 0",Thread Group 1-90,,TRUE,,149819,4751,1,1,null,5262,4696,2189,
1.55921E+12,2610,Login Token,200,OK,Thread Group 1-91,text,TRUE,,2011,526,1,1,https://test.cranecompass.com/uaa/oauth/token,2609,0,721,
1.55921E+12,983,User Information,200,OK,Thread Group 1-91,text,TRUE,,1164,1295,1,1,https://test.cranecompass.com/uaa/api/account,983,0,730,
1.55921E+12,255,Product File List,200,OK,Thread Group 1-91,text,TRUE,,1607,1465,1,1,https://test.cranecompass.com/entity/api/_search/xm-entities?typeKey=COMPONENT-VERSION&size=10&query=%7B%22template%22%3A+%22PUBLISHED_COMPONENT_VERSIONS%22%2C+%22templateParams%22%3A+%7B%7D%7D&page=0&sort=id%2Cdesc,255,0,0,
1.55921E+12,3287,Product File Download,200,OK,Thread Group 1-91,text,TRUE,,145002,1465,1,1,https://test.cranecompass.com/entity/api/xm-entities/13616/functions/DOWNLOAD-ARTIFACT,1401,0,724,
1.55921E+12,7135,Start Execution,200,"Number of samples in transaction : 4, number of failing samples : 0",Thread Group 1-91,,TRUE,,149784,4751,1,1,null,5248,4692,2175,
1.55921E+12,2818,Login Token,200,OK,Thread Group 1-92,text,TRUE,,2012,526,1,1,https://test.cranecompass.com/uaa/oauth/token,2818,0,948,
1.55921E+12,999,User Information,200,OK,Thread Group 1-92,text,TRUE,,1164,1295,1,1,https://test.cranecompass.com/uaa/api/account,999,0,747,
1.55921E+12,253,Product File List,200,OK,Thread Group 1-92,text,TRUE,,1607,1465,1,1,https://test.cranecompass.com/entity/api/_search/xm-entities?typeKey=COMPONENT-VERSION&size=10&query=%7B%22template%22%3A+%22PUBLISHED_COMPONENT_VERSIONS%22%2C+%22templateParams%22%3A+%7B%7D%7D&page=0&sort=id%2Cdesc,253,0,0,
1.55921E+12,3455,Product File Download,200,OK,Thread Group 1-92,text,TRUE,,144818,1465,1,1,https://test.cranecompass.com/entity/api/xm-entities/13616/functions/DOWNLOAD-ARTIFACT,1580,0,750,
1.55921E+12,7525,Start Execution,200,"Number of samples in transaction : 4, number of failing samples : 0",Thread Group 1-92,,TRUE,,149601,4751,1,1,null,5650,4692,2445,
1.55921E+12,2717,Login Token,200,OK,Thread Group 1-93,text,TRUE,,2009,526,1,1,https://test.cranecompass.com/uaa/oauth/token,2716,0,831,
1.55921E+12,976,User Information,200,OK,Thread Group 1-93,text,TRUE,,1164,1295,1,1,https://test.cranecompass.com/uaa/api/account,976,0,722,
1.55921E+12,257,Product File List,200,OK,Thread Group 1-93,text,TRUE,,1607,1465,1,1,https://test.cranecompass.com/entity/api/_search/xm-entities?typeKey=COMPONENT-VERSION&size=10&query=%7B%22template%22%3A+%22PUBLISHED_COMPONENT_VERSIONS%22%2C+%22templateParams%22%3A+%7B%7D%7D&page=0&sort=id%2Cdesc,257,0,0,
1.55921E+12,3576,Product File Download,200,OK,Thread Group 1-93,text,TRUE,,144816,1465,1,1,https://test.cranecompass.com/entity/api/xm-entities/13616/functions/DOWNLOAD-ARTIFACT,1584,0,730,
1.55921E+12,7526,Start Execution,200,"Number of samples in transaction : 4, number of failing samples : 0",Thread Group 1-93,,TRUE,,149596,4751,1,1,null,5533,4691,2283,
1.55921E+12,2642,Login Token,200,OK,Thread Group 1-94,text,TRUE,,2007,526,1,1,https://test.cranecompass.com/uaa/oauth/token,2642,0,735,
1.55921E+12,966,User Information,200,OK,Thread Group 1-94,text,TRUE,,1164,1295,1,1,https://test.cranecompass.com/uaa/api/account,966,0,716,
1.55921E+12,253,Product File List,200,OK,Thread Group 1-94,text,TRUE,,1607,1465,1,1,https://test.cranecompass.com/entity/api/_search/xm-entities?typeKey=COMPONENT-VERSION&size=10&query=%7B%22template%22%3A+%22PUBLISHED_COMPONENT_VERSIONS%22%2C+%22templateParams%22%3A+%7B%7D%7D&page=0&sort=id%2Cdesc,253,0,0,
1.55921E+12,3243,Product File Download,200,OK,Thread Group 1-94,text,TRUE,,144825,1465,1,1,https://test.cranecompass.com/entity/api/xm-entities/13616/functions/DOWNLOAD-ARTIFACT,1334,0,726,
1.55921E+12,7104,Start Execution,200,"Number of samples in transaction : 4, number of failing samples : 0",Thread Group 1-94,,TRUE,,149603,4751,1,1,null,5195,4693,2177,
1.55921E+12,2633,Login Token,200,OK,Thread Group 1-95,text,TRUE,,2009,526,1,1,https://test.cranecompass.com/uaa/oauth/token,2633,0,732,
1.55921E+12,1009,User Information,200,OK,Thread Group 1-95,text,TRUE,,1164,1295,1,1,https://test.cranecompass.com/uaa/api/account,1009,0,738,
1.55921E+12,268,Product File List,200,OK,Thread Group 1-95,text,TRUE,,1607,1465,1,1,https://test.cranecompass.com/entity/api/_search/xm-entities?typeKey=COMPONENT-VERSION&size=10&query=%7B%22template%22%3A+%22PUBLISHED_COMPONENT_VERSIONS%22%2C+%22templateParams%22%3A+%7B%7D%7D&page=0&sort=id%2Cdesc,268,0,0,
1.55921E+12,3319,Product File Download,200,OK,Thread Group 1-95,text,TRUE,,144793,1465,1,1,https://test.cranecompass.com/entity/api/xm-entities/13616/functions/DOWNLOAD-ARTIFACT,1465,0,733,
1.55921E+12,7229,Start Execution,200,"Number of samples in transaction : 4, number of failing samples : 0",Thread Group 1-95,,TRUE,,149573,4751,1,1,null,5375,4693,2203,
1.55921E+12,2713,Login Token,200,OK,Thread Group 1-96,text,TRUE,,2014,526,1,1,https://test.cranecompass.com/uaa/oauth/token,2713,0,854,
1.55921E+12,982,User Information,200,OK,Thread Group 1-96,text,TRUE,,1164,1295,1,1,https://test.cranecompass.com/uaa/api/account,982,0,727,
1.55921E+12,255,Product File List,200,OK,Thread Group 1-96,text,TRUE,,1607,1465,1,1,https://test.cranecompass.com/entity/api/_search/xm-entities?typeKey=COMPONENT-VERSION&size=10&query=%7B%22template%22%3A+%22PUBLISHED_COMPONENT_VERSIONS%22%2C+%22templateParams%22%3A+%7B%7D%7D&page=0&sort=id%2Cdesc,255,0,0,
1.55921E+12,3656,Product File Download,200,OK,Thread Group 1-96,text,TRUE,,145004,1465,1,1,https://test.cranecompass.com/entity/api/xm-entities/13616/functions/DOWNLOAD-ARTIFACT,1726,0,806,
1.55921E+12,7606,Start Execution,200,"Number of samples in transaction : 4, number of failing samples : 0",Thread Group 1-96,,TRUE,,149789,4751,1,1,null,5676,4693,2387,
1.55921E+12,2612,Login Token,200,OK,Thread Group 1-97,text,TRUE,,2011,526,1,1,https://test.cranecompass.com/uaa/oauth/token,2612,0,728,
1.55921E+12,991,User Information,200,OK,Thread Group 1-97,text,TRUE,,1164,1295,1,1,https://test.cranecompass.com/uaa/api/account,991,0,735,
1.55921E+12,257,Product File List,200,OK,Thread Group 1-97,text,TRUE,,1607,1465,1,1,https://test.cranecompass.com/entity/api/_search/xm-entities?typeKey=COMPONENT-VERSION&size=10&query=%7B%22template%22%3A+%22PUBLISHED_COMPONENT_VERSIONS%22%2C+%22templateParams%22%3A+%7B%7D%7D&page=0&sort=id%2Cdesc,257,0,0,
1.55921E+12,3427,Product File Download,200,OK,Thread Group 1-97,text,TRUE,,144936,1465,1,1,https://test.cranecompass.com/entity/api/xm-entities/13616/functions/DOWNLOAD-ARTIFACT,1534,0,827,
1.55921E+12,7287,Start Execution,200,"Number of samples in transaction : 4, number of failing samples : 0",Thread Group 1-97,,TRUE,,149718,4751,1,1,null,5394,4693,2290,
1.55921E+12,2778,Login Token,200,OK,Thread Group 1-98,text,TRUE,,2014,526,1,1,https://test.cranecompass.com/uaa/oauth/token,2777,0,877,
1.55921E+12,1069,User Information,200,OK,Thread Group 1-98,text,TRUE,,1164,1295,1,1,https://test.cranecompass.com/uaa/api/account,1057,0,803,
1.55921E+12,270,Product File List,200,OK,Thread Group 1-98,text,TRUE,,1607,1465,1,1,https://test.cranecompass.com/entity/api/_search/xm-entities?typeKey=COMPONENT-VERSION&size=10&query=%7B%22template%22%3A+%22PUBLISHED_COMPONENT_VERSIONS%22%2C+%22templateParams%22%3A+%7B%7D%7D&page=0&sort=id%2Cdesc,270,0,0,
1.55921E+12,3633,Product File Download,200,OK,Thread Group 1-98,text,TRUE,,144804,1465,1,1,https://test.cranecompass.com/entity/api/xm-entities/13616/functions/DOWNLOAD-ARTIFACT,1593,0,803,
1.55921E+12,7750,Start Execution,200,"Number of samples in transaction : 4, number of failing samples : 0",Thread Group 1-98,,TRUE,,149589,4751,1,1,null,5697,4689,2483,
1.55921E+12,2660,Login Token,200,OK,Thread Group 1-99,text,TRUE,,2018,526,1,1,https://test.cranecompass.com/uaa/oauth/token,2660,0,735,
1.55921E+12,989,User Information,200,OK,Thread Group 1-99,text,TRUE,,1164,1295,1,1,https://test.cranecompass.com/uaa/api/account,989,0,734,
1.55921E+12,256,Product File List,200,OK,Thread Group 1-99,text,TRUE,,1607,1465,1,1,https://test.cranecompass.com/entity/api/_search/xm-entities?typeKey=COMPONENT-VERSION&size=10&query=%7B%22template%22%3A+%22PUBLISHED_COMPONENT_VERSIONS%22%2C+%22templateParams%22%3A+%7B%7D%7D&page=0&sort=id%2Cdesc,256,0,0,
1.55921E+12,3376,Product File Download,200,OK,Thread Group 1-99,text,TRUE,,144794,1465,1,1,https://test.cranecompass.com/entity/api/xm-entities/13616/functions/DOWNLOAD-ARTIFACT,1440,0,732,
1.55921E+12,7281,Start Execution,200,"Number of samples in transaction : 4, number of failing samples : 0",Thread Group 1-99,,TRUE,,149583,4751,1,1,null,5345,4694,2201,
1.55921E+12,2624,Login Token,200,OK,Thread Group 1-100,text,TRUE,,2011,526,1,1,https://test.cranecompass.com/uaa/oauth/token,2624,0,733,
1.55921E+12,984,User Information,200,OK,Thread Group 1-100,text,TRUE,,1164,1295,1,1,https://test.cranecompass.com/uaa/api/account,983,0,729,
1.55921E+12,255,Product File List,200,OK,Thread Group 1-100,text,TRUE,,1607,1465,1,1,https://test.cranecompass.com/entity/api/_search/xm-entities?typeKey=COMPONENT-VERSION&size=10&query=%7B%22template%22%3A+%22PUBLISHED_COMPONENT_VERSIONS%22%2C+%22templateParams%22%3A+%7B%7D%7D&page=0&sort=id%2Cdesc,255,0,0,
1.55921E+12,3356,Product File Download,200,OK,Thread Group 1-100,text,TRUE,,144804,1465,1,1,https://test.cranecompass.com/entity/api/xm-entities/13616/functions/DOWNLOAD-ARTIFACT,1507,0,748,
1.55921E+12,7219,Start Execution,200,"Number of samples in transaction : 4, number of failing samples : 0",Thread Group 1-100,,TRUE,,149586,4751,1,1,null,5369,4694,2210,
