{
  "Start Execution" : {
    "transaction" : "Start Execution",
    "sampleCount" : 15,
    "errorCount" : 0,
    "errorPct" : 0.0,
    "meanResTime" : 9642.066666666668,
    "minResTime" : 9272.0,
    "maxResTime" : 10890.0,
    "pct1ResTime" : 10615.2,
    "pct2ResTime" : 10890.0,
    "pct3ResTime" : 10890.0,
    "throughput" : 0.10045472505541751,
    "receivedKBytesPerSec" : 67.49216819385752,
    "sentKBytesPerSec" : 0.14263786155329794
  },
  "Total" : {
    "transaction" : "Total",
    "sampleCount" : 15,
    "errorCount" : 0,
    "errorPct" : 0.0,
    "meanResTime" : 9642.066666666668,
    "minResTime" : 9272.0,
    "maxResTime" : 10890.0,
    "pct1ResTime" : 10615.2,
    "pct2ResTime" : 10890.0,
    "pct3ResTime" : 10890.0,
    "throughput" : 0.1004553978033753,
    "receivedKBytesPerSec" : 67.49262019069783,
    "sentKBytesPerSec" : 0.14263881680283955
  },
  "Product File Download" : {
    "transaction" : "Product File Download",
    "sampleCount" : 15,
    "errorCount" : 0,
    "errorPct" : 0.0,
    "meanResTime" : 9642.066666666668,
    "minResTime" : 9272.0,
    "maxResTime" : 10890.0,
    "pct1ResTime" : 10615.2,
    "pct2ResTime" : 10890.0,
    "pct3ResTime" : 10890.0,
    "throughput" : 0.1004553978033753,
    "receivedKBytesPerSec" : 67.49262019069783,
    "sentKBytesPerSec" : 0.14263881680283955
  }
}