{
  "Start Execution" : {
    "transaction" : "Start Execution",
    "sampleCount" : 441,
    "errorCount" : 0,
    "errorPct" : 0.0,
    "meanResTime" : 104210.88888888885,
    "minResTime" : 6923.0,
    "maxResTime" : 286037.0,
    "pct1ResTime" : 154428.0,
    "pct2ResTime" : 159636.0,
    "pct3ResTime" : 207340.9599999997,
    "throughput" : 0.8145744171913991,
    "receivedKBytesPerSec" : 168.1026472571839,
    "sentKBytesPerSec" : 1.165382344907617
  },
  "Total" : {
    "transaction" : "Total",
    "sampleCount" : 441,
    "errorCount" : 0,
    "errorPct" : 0.0,
    "meanResTime" : 104210.88888888886,
    "minResTime" : 6923.0,
    "maxResTime" : 286037.0,
    "pct1ResTime" : 154428.0,
    "pct2ResTime" : 159636.0,
    "pct3ResTime" : 207340.9599999997,
    "throughput" : 0.8153982693587752,
    "receivedKBytesPerSec" : 168.27266454150026,
    "sentKBytesPerSec" : 1.1665610005962945
  },
  "Product File Download" : {
    "transaction" : "Product File Download",
    "sampleCount" : 441,
    "errorCount" : 0,
    "errorPct" : 0.0,
    "meanResTime" : 104210.88888888886,
    "minResTime" : 6923.0,
    "maxResTime" : 286037.0,
    "pct1ResTime" : 154428.0,
    "pct2ResTime" : 159636.0,
    "pct3ResTime" : 207340.9599999997,
    "throughput" : 0.8153982693587752,
    "receivedKBytesPerSec" : 168.27266454150026,
    "sentKBytesPerSec" : 1.1665610005962945
  }
}