{
  "Total" : {
    "transaction" : "Total",
    "sampleCount" : 4639,
    "errorCount" : 69,
    "errorPct" : 1.4873896,
    "meanResTime" : 180023.9211036863,
    "minResTime" : 2734.0,
    "maxResTime" : 3797353.0,
    "pct1ResTime" : 294010.0,
    "pct2ResTime" : 336548.0,
    "pct3ResTime" : 565565.4000000005,
    "throughput" : 0.7742711644828014,
    "receivedKBytesPerSec" : 157.443853911511,
    "sentKBytesPerSec" : 1.0919621436333096
  },
  "Product File Download" : {
    "transaction" : "Product File Download",
    "sampleCount" : 4639,
    "errorCount" : 69,
    "errorPct" : 1.4873896,
    "meanResTime" : 180023.9211036863,
    "minResTime" : 2734.0,
    "maxResTime" : 3797353.0,
    "pct1ResTime" : 294010.0,
    "pct2ResTime" : 336548.0,
    "pct3ResTime" : 565565.4000000005,
    "throughput" : 0.7742711644828014,
    "receivedKBytesPerSec" : 157.443853911511,
    "sentKBytesPerSec" : 1.0919621436333096
  }
}