{
  "Component Token" : {
    "transaction" : "Component Token",
    "sampleCount" : 100,
    "errorCount" : 0,
    "errorPct" : 0.0,
    "meanResTime" : 712.15,
    "minResTime" : 268.0,
    "maxResTime" : 5445.0,
    "pct1ResTime" : 2270.9,
    "pct2ResTime" : 4103.2499999999945,
    "pct3ResTime" : 5444.49,
    "throughput" : 0.03323955347313446,
    "receivedKBytesPerSec" : 0.02063741299962373,
    "sentKBytesPerSec" : 0.04550962301692824
  },
  "Start Execution" : {
    "transaction" : "Start Execution",
    "sampleCount" : 100,
    "errorCount" : 1,
    "errorPct" : 1.0,
    "meanResTime" : 48575.06,
    "minResTime" : 7650.0,
    "maxResTime" : 3142148.0,
    "pct1ResTime" : 53578.40000000004,
    "pct2ResTime" : 57032.649999999994,
    "pct3ResTime" : 3111492.459999984,
    "throughput" : 0.020037329544942226,
    "receivedKBytesPerSec" : 4.1995538469418525,
    "sentKBytesPerSec" : 0.11853313191225252
  },
  "Product File List" : {
    "transaction" : "Product File List",
    "sampleCount" : 100,
    "errorCount" : 0,
    "errorPct" : 0.0,
    "meanResTime" : 800.29,
    "minResTime" : 276.0,
    "maxResTime" : 6654.0,
    "pct1ResTime" : 2542.2000000000003,
    "pct2ResTime" : 4801.6499999999905,
    "pct3ResTime" : 6642.899999999994,
    "throughput" : 0.03322527366827289,
    "receivedKBytesPerSec" : 0.04425710281594162,
    "sentKBytesPerSec" : 0.04672304109600875
  },
  "Total" : {
    "transaction" : "Total",
    "sampleCount" : 500,
    "errorCount" : 1,
    "errorPct" : 0.2,
    "meanResTime" : 9715.011999999999,
    "minResTime" : 268.0,
    "maxResTime" : 3137595.0,
    "pct1ResTime" : 5381.200000000004,
    "pct2ResTime" : 8161.549999999998,
    "pct3ResTime" : 45303.08000000002,
    "throughput" : 0.10011320801562407,
    "receivedKBytesPerSec" : 4.196475452566763,
    "sentKBytesPerSec" : 0.11844624369987583
  },
  "User Information" : {
    "transaction" : "User Information",
    "sampleCount" : 100,
    "errorCount" : 0,
    "errorPct" : 0.0,
    "meanResTime" : 1528.8200000000004,
    "minResTime" : 1043.0,
    "maxResTime" : 9159.0,
    "pct1ResTime" : 2376.1000000000013,
    "pct2ResTime" : 3333.7499999999995,
    "pct3ResTime" : 9136.479999999989,
    "throughput" : 0.033267364150223445,
    "receivedKBytesPerSec" : 0.04216898307323245,
    "sentKBytesPerSec" : 0.04129181624505272
  },
  "Login Token" : {
    "transaction" : "Login Token",
    "sampleCount" : 100,
    "errorCount" : 0,
    "errorPct" : 0.0,
    "meanResTime" : 3665.830000000001,
    "minResTime" : 2687.0,
    "maxResTime" : 18980.0,
    "pct1ResTime" : 5754.500000000009,
    "pct2ResTime" : 6692.799999999999,
    "pct3ResTime" : 18907.509999999962,
    "throughput" : 0.03326536111212755,
    "receivedKBytesPerSec" : 0.06487719987991204,
    "sentKBytesPerSec" : 0.016827594781330148
  },
  "Product File Download" : {
    "transaction" : "Product File Download",
    "sampleCount" : 100,
    "errorCount" : 1,
    "errorPct" : 1.0,
    "meanResTime" : 41867.97,
    "minResTime" : 3054.0,
    "maxResTime" : 3137595.0,
    "pct1ResTime" : 36791.80000000001,
    "pct2ResTime" : 45207.39999999997,
    "pct3ResTime" : 3106822.359999984,
    "throughput" : 0.020057014068190236,
    "receivedKBytesPerSec" : 4.099969220944958,
    "sentKBytesPerSec" : 0.02794251533158155
  }
}