{
  "Start Execution" : {
    "transaction" : "Start Execution",
    "sampleCount" : 100,
    "errorCount" : 0,
    "errorPct" : 0.0,
    "meanResTime" : 8287.460000000003,
    "minResTime" : 6928.0,
    "maxResTime" : 16146.0,
    "pct1ResTime" : 10977.6,
    "pct2ResTime" : 11913.099999999999,
    "pct3ResTime" : 16141.929999999998,
    "throughput" : 0.0335893964993131,
    "receivedKBytesPerSec" : 6.682856121604532,
    "sentKBytesPerSec" : 0.2513628372795276
  },
  "Total" : {
    "transaction" : "Total",
    "sampleCount" : 600,
    "errorCount" : 0,
    "errorPct" : 0.0,
    "meanResTime" : 1381.2433333333333,
    "minResTime" : 253.0,
    "maxResTime" : 9520.0,
    "pct1ResTime" : 2976.399999999999,
    "pct2ResTime" : 3936.8999999999996,
    "pct3ResTime" : 6068.4400000000005,
    "throughput" : 0.20105439627218344,
    "receivedKBytesPerSec" : 6.666873790218,
    "sentKBytesPerSec" : 0.25076169248596053
  },
  "Product File List_1" : {
    "transaction" : "Product File List_1",
    "sampleCount" : 100,
    "errorCount" : 0,
    "errorPct" : 0.0,
    "meanResTime" : 280.06999999999994,
    "minResTime" : 253.0,
    "maxResTime" : 2078.0,
    "pct1ResTime" : 279.0,
    "pct2ResTime" : 313.39999999999986,
    "pct3ResTime" : 2060.419999999991,
    "throughput" : 0.0336692061104222,
    "receivedKBytesPerSec" : 0.0637216029707014,
    "sentKBytesPerSec" : 0.0479720426905332
  },
  "User Information" : {
    "transaction" : "User Information",
    "sampleCount" : 100,
    "errorCount" : 0,
    "errorPct" : 0.0,
    "meanResTime" : 1007.0500000000001,
    "minResTime" : 959.0,
    "maxResTime" : 1878.0,
    "pct1ResTime" : 1077.4,
    "pct2ResTime" : 1151.9499999999998,
    "pct3ResTime" : 1871.4199999999967,
    "throughput" : 0.033660944081766474,
    "receivedKBytesPerSec" : 0.03826302628044548,
    "sentKBytesPerSec" : 0.04256926033778084
  },
  "Product File List_2" : {
    "transaction" : "Product File List_2",
    "sampleCount" : 100,
    "errorCount" : 0,
    "errorPct" : 0.0,
    "meanResTime" : 326.5699999999999,
    "minResTime" : 254.0,
    "maxResTime" : 4364.0,
    "pct1ResTime" : 300.8,
    "pct2ResTime" : 312.84999999999997,
    "pct3ResTime" : 4334.0399999999845,
    "throughput" : 0.03366926279128963,
    "receivedKBytesPerSec" : 0.12387329494644567,
    "sentKBytesPerSec" : 0.04797212344969879
  },
  "Login Token" : {
    "transaction" : "Login Token",
    "sampleCount" : 100,
    "errorCount" : 0,
    "errorPct" : 0.0,
    "meanResTime" : 3032.4700000000007,
    "minResTime" : 2588.0,
    "maxResTime" : 6986.0,
    "pct1ResTime" : 3999.3,
    "pct2ResTime" : 5602.6,
    "pct3ResTime" : 6978.209999999996,
    "throughput" : 0.03364049346567055,
    "receivedKBytesPerSec" : 0.06607794506541056,
    "sentKBytesPerSec" : 0.01728017535443624
  },
  "Product File List_3" : {
    "transaction" : "Product File List_3",
    "sampleCount" : 100,
    "errorCount" : 0,
    "errorPct" : 0.0,
    "meanResTime" : 313.90999999999985,
    "minResTime" : 253.0,
    "maxResTime" : 2879.0,
    "pct1ResTime" : 297.9,
    "pct2ResTime" : 321.34999999999985,
    "pct3ResTime" : 2866.8299999999936,
    "throughput" : 0.03366945550766637,
    "receivedKBytesPerSec" : 0.1276108532100964,
    "sentKBytesPerSec" : 0.047972398032895734
  },
  "Product File Download" : {
    "transaction" : "Product File Download",
    "sampleCount" : 100,
    "errorCount" : 0,
    "errorPct" : 0.0,
    "meanResTime" : 3327.3899999999994,
    "minResTime" : 2577.0,
    "maxResTime" : 9520.0,
    "pct1ResTime" : 4308.100000000001,
    "pct2ResTime" : 5960.699999999988,
    "pct3ResTime" : 9498.53999999999,
    "throughput" : 0.03364223634747586,
    "receivedKBytesPerSec" : 6.27409375489915,
    "sentKBytesPerSec" : 0.04813073852446497
  }
}